id_estudiante,edad,modalidad,nivel_educativo_previo,intentos_previos,creditos_matriculados,dias_anticipacion_registro,clicks_30_dias,dias_activos_30,tareas_asignadas_30,tareas_entregadas_30,nota_promedio_30,solicito_soporte,abandono,clicks_por_dia_activo,tasa_entrega_30,tasa_actividad_30,log_clicks_30,sin_nota_30
1,31,Virtual,Bachillerato,0,30,29.0,65,11,7,2,40.123947773864444,0,1,5.909090909090909,0.2857142857142857,0.36666666666666664,4.189654742026425,0
2,21,Virtual,Bachillerato,0,60,41.0,323,18,7,6,89.14469435366706,0,0,17.944444444444443,0.8571428571428571,0.6,5.780743515792329,0
3,35,Virtual,Bachillerato,0,30,46.0,127,15,5,4,71.15698128443998,0,0,8.466666666666667,0.8,0.5,4.852030263919617,0
4,37,Virtual,Bachillerato,0,90,60.0,262,6,5,2,76.18937843405946,0,0,43.666666666666664,0.4,0.2,5.572154032177765,0
5,18,Virtual,Técnico,0,60,42.0,789,19,4,3,92.60593083983093,1,0,41.526315789473685,0.75,0.6333333333333333,6.672032945461067,0
6,19,Semipresencial,Universitario,0,60,25.0,289,19,5,3,92.00495109381843,0,0,15.210526315789474,0.6,0.6333333333333333,5.66988092298052,0
7,30,Virtual,Técnico,0,60,28.0,299,14,4,1,60.65712226694255,0,0,21.357142857142858,0.25,0.4666666666666667,5.703782474656201,0
8,26,Virtual,Bachillerato,1,60,6.0,389,10,8,3,61.45405272429752,0,0,38.9,0.375,0.3333333333333333,5.966146739123692,0
9,29,Semipresencial,Bachillerato,0,90,72.0,165,12,7,5,62.751907675125906,0,1,13.75,0.7142857142857143,0.4,5.111987788356544,0
10,22,Virtual,Técnico,0,120,23.0,697,15,7,3,,0,0,46.46666666666667,0.42857142857142855,0.5,6.548219102762372,1
11,36,Virtual,Universitario,0,60,56.0,171,6,8,1,66.4324012181999,0,0,28.5,0.125,0.2,5.147494476813453,0
12,35,Semipresencial,Bachillerato,0,30,41.0,424,11,7,5,84.6000367085081,0,1,38.54545454545455,0.7142857142857143,0.36666666666666664,6.052089168924417,0
13,30,Virtual,Universitario,2,60,42.0,351,10,5,2,62.952019942726785,0,1,35.1,0.4,0.3333333333333333,5.863631175598097,0
14,38,Virtual,Bachillerato,0,30,32.0,226,8,5,2,81.74536512198168,0,0,28.25,0.4,0.26666666666666666,5.424950017481403,0
15,33,Virtual,Técnico,0,60,18.0,340,9,4,1,45.84829377404405,0,1,37.77777777777778,0.25,0.3,5.831882477283517,0
16,22,Semipresencial,Universitario,0,60,14.0,831,19,7,4,87.8060604997508,0,0,43.73684210526316,0.5714285714285714,0.6333333333333333,6.723832440821209,0
17,32,Virtual,Técnico,0,60,73.0,295,12,8,4,58.45012057166448,0,0,24.583333333333332,0.5,0.4,5.69035945432406,0
18,21,Virtual,Bachillerato,1,60,38.0,283,13,7,2,79.74162930409511,0,1,21.76923076923077,0.2857142857142857,0.43333333333333335,5.648974238161206,0
19,36,Virtual,Técnico,0,30,60.0,1633,19,6,3,82.98369007328283,0,0,85.94736842105263,0.5,0.6333333333333333,7.3987862754199485,0
20,29,Virtual,,0,60,65.0,148,9,5,1,71.12401632838201,0,0,16.444444444444443,0.2,0.3,5.003946305945459,0
21,28,Semipresencial,Técnico,0,60,26.0,108,6,6,4,67.21357216802095,0,1,18.0,0.6666666666666666,0.2,4.6913478822291435,0
22,24,Virtual,Bachillerato,1,90,44.0,1134,17,5,2,94.73517870325463,1,0,66.70588235294117,0.4,0.5666666666666667,7.034387929915503,0
23,39,Semipresencial,Técnico,0,60,36.0,152,9,4,1,85.43269469282257,1,1,16.88888888888889,0.25,0.3,5.030437921392435,0
24,28,Virtual,Universitario,0,30,10.0,477,15,6,4,85.74788157941744,0,0,31.8,0.6666666666666666,0.5,6.169610732491456,0
25,26,Virtual,Bachillerato,1,60,31.0,599,13,5,2,80.45314055713222,0,0,46.07692307692308,0.4,0.43333333333333335,6.396929655216146,0
26,26,Semipresencial,Bachillerato,0,30,48.0,779,24,7,5,83.72021563816278,1,0,32.458333333333336,0.7142857142857143,0.8,6.659293919683638,0
27,33,Virtual,Técnico,0,60,24.0,143,17,8,6,69.62822521288668,0,0,8.411764705882353,0.75,0.5666666666666667,4.969813299576001,0
28,32,Virtual,Bachillerato,0,60,28.0,222,12,4,1,72.64948621077336,0,0,18.5,0.25,0.4,5.407171771460119,0
29,32,Semipresencial,Bachillerato,1,60,31.0,177,12,4,2,58.56827894400044,0,1,14.75,0.5,0.4,5.181783550292085,0
30,32,Virtual,Bachillerato,0,60,81.0,485,16,8,7,100.0,0,0,30.3125,0.875,0.5333333333333333,6.186208623900494,0
31,46,Virtual,Bachillerato,0,90,-5.0,760,20,5,5,100.0,0,0,38.0,1.0,0.6666666666666666,6.634633357861686,0
32,26,Semipresencial,Técnico,0,60,46.0,539,25,5,4,93.97267180645383,0,0,21.56,0.8,0.8333333333333334,6.29156913955832,0
33,25,Virtual,Técnico,0,60,29.0,776,28,8,7,97.80155059244036,0,0,27.714285714285715,0.875,0.9333333333333333,6.655440350367647,0
34,22,Virtual,Bachillerato,1,60,21.0,476,15,8,4,83.12146180259546,0,0,31.733333333333334,0.5,0.5,6.1675164908883415,0
35,34,Virtual,Bachillerato,0,60,29.0,248,5,6,1,59.37810161048931,0,0,49.6,0.16666666666666666,0.16666666666666666,5.517452896464707,0
36,38,Virtual,Bachillerato,0,90,50.0,356,9,4,2,66.09645927240936,0,0,39.55555555555556,0.5,0.3,5.877735781779639,0
37,28,Virtual,Bachillerato,1,90,51.0,488,15,7,3,50.361627597795135,1,0,32.53333333333333,0.42857142857142855,0.5,6.192362489474872,0
38,22,Virtual,Técnico,0,30,39.0,851,15,7,4,88.47108246729283,0,0,56.733333333333334,0.5714285714285714,0.5,6.747586526829315,0
39,22,Virtual,Bachillerato,0,30,59.0,80,3,6,4,78.38060133782761,1,0,26.666666666666668,0.6666666666666666,0.1,4.394449154672439,0
40,34,Virtual,Bachillerato,0,30,63.0,833,23,6,6,100.0,0,0,36.21739130434783,1.0,0.7666666666666667,6.726233402358747,0
41,35,Virtual,Universitario,1,30,53.0,322,12,6,2,62.11573278868242,1,0,26.833333333333332,0.3333333333333333,0.4,5.777652323222656,0
42,33,Virtual,Bachillerato,0,60,23.0,822,12,7,5,84.36728977986562,0,1,68.5,0.7142857142857143,0.4,6.71295620067707,0
43,24,Virtual,Técnico,0,30,46.0,940,17,6,5,91.92270935281545,0,1,55.294117647058826,0.8333333333333334,0.5666666666666667,6.846943139585379,0
44,31,Virtual,Bachillerato,0,60,46.0,276,13,8,6,90.45907629618006,0,1,21.23076923076923,0.75,0.43333333333333335,5.6240175061873385,0
45,30,Virtual,Bachillerato,0,30,17.0,424,13,4,2,61.54745288326404,0,0,32.61538461538461,0.5,0.43333333333333335,6.052089168924417,0
46,31,Virtual,Bachillerato,0,30,0.0,139,5,4,0,,0,1,27.8,0.0,0.16666666666666666,4.941642422609304,1
47,36,Semipresencial,Técnico,0,60,-10.0,1038,20,4,4,100.0,0,0,51.9,1.0,0.6666666666666666,6.946013991099227,0
48,31,Virtual,Universitario,2,60,37.0,350,8,4,0,,1,1,43.75,0.0,0.26666666666666666,5.860786223465865,1
49,34,Virtual,Bachillerato,2,60,42.0,391,12,6,4,82.41559825876803,0,0,32.583333333333336,0.6666666666666666,0.4,5.971261839790462,0
50,30,Semipresencial,Bachillerato,0,90,9.0,454,13,4,1,,0,0,34.92307692307692,0.25,0.43333333333333335,6.12029741895095,1
51,31,Virtual,Bachillerato,0,120,58.0,187,7,4,1,65.17245281065914,0,1,26.714285714285715,0.25,0.23333333333333334,5.236441962829949,0
52,34,Virtual,Técnico,0,60,38.0,699,11,6,1,73.19697029632707,0,1,63.54545454545455,0.16666666666666666,0.36666666666666664,6.551080335043404,0
53,18,Virtual,Técnico,0,30,65.0,690,24,8,6,,0,0,28.75,0.75,0.8,6.53813982376767,1
54,26,Virtual,Técnico,0,30,43.0,444,18,8,5,63.227785470961024,0,0,24.666666666666668,0.625,0.6,6.09807428216624,0
55,25,Virtual,,1,120,12.0,692,15,5,2,64.2539208356683,0,1,46.13333333333333,0.4,0.5,6.541029999189903,0
56,24,Semipresencial,Bachillerato,1,60,45.0,142,19,4,4,82.54333782694872,0,0,7.473684210526316,1.0,0.6333333333333333,4.962844630259907,0
57,27,Virtual,Técnico,0,60,50.0,278,10,7,3,43.27688166745983,1,1,27.8,0.42857142857142855,0.3333333333333333,5.631211781821365,0
58,41,Semipresencial,Técnico,1,60,23.0,1100,21,7,5,81.41267761678628,1,1,52.38095238095238,0.7142857142857143,0.7,7.00397413672268,0
59,22,Semipresencial,Bachillerato,0,30,3.0,1434,21,8,5,84.68836790859372,0,0,68.28571428571429,0.625,0.7,7.268920128193722,0
60,37,Virtual,Universitario,0,60,37.0,79,3,6,1,67.2324694470371,0,0,26.333333333333332,0.16666666666666666,0.1,4.382026634673881,0
61,18,Virtual,Bachillerato,0,90,13.0,1108,27,4,4,86.17827452492813,0,0,41.03703703703704,1.0,0.9,7.011213987350367,0
62,26,Virtual,Técnico,0,90,60.0,308,13,8,1,59.96231229426214,0,1,23.692307692307693,0.125,0.43333333333333335,5.733341276897746,0
63,30,Semipresencial,Técnico,0,30,26.0,566,7,5,3,,0,0,80.85714285714286,0.6,0.23333333333333334,6.340359303727752,1
64,34,Virtual,Universitario,0,60,73.0,60,1,5,1,48.25423355944235,0,1,60.0,0.2,0.03333333333333333,4.110873864173311,0
65,35,Virtual,Bachillerato,0,30,-12.0,275,6,6,1,63.06799444469722,0,1,45.833333333333336,0.16666666666666666,0.2,5.62040086571715,0
66,35,Virtual,Bachillerato,0,120,38.0,127,14,8,3,88.12261610023543,0,1,9.071428571428571,0.375,0.4666666666666667,4.852030263919617,0
67,26,Virtual,Técnico,0,30,66.0,205,10,5,3,52.951028681006164,0,0,20.5,0.6,0.3333333333333333,5.327876168789581,0
68,25,Virtual,Técnico,0,60,15.0,1324,27,6,6,100.0,0,0,49.03703703703704,1.0,0.9,7.1891677384203225,0
69,36,Virtual,Bachillerato,0,30,31.0,287,21,6,5,100.0,0,1,13.666666666666666,0.8333333333333334,0.7,5.662960480135946,0
70,27,Virtual,Técnico,0,60,26.0,511,14,8,1,,1,0,36.5,0.125,0.4666666666666667,6.238324625039508,1
71,19,Semipresencial,Bachillerato,1,60,20.0,730,11,8,3,80.94111965465544,0,0,66.36363636363636,0.375,0.36666666666666664,6.594413459749778,0
72,20,Virtual,Técnico,0,60,40.0,172,4,7,1,62.239232846118476,0,0,43.0,0.14285714285714285,0.13333333333333333,5.153291594497779,0
73,22,Virtual,Universitario,0,90,7.0,683,16,4,2,96.03228598135428,0,0,42.6875,0.5,0.5333333333333333,6.52795791762255,0
74,33,Virtual,Bachillerato,1,90,33.0,369,12,5,1,65.18957789862263,0,1,30.75,0.2,0.4,5.91350300563827,0
75,30,Virtual,Bachillerato,0,90,46.0,255,14,7,3,93.21617871339367,0,0,18.214285714285715,0.42857142857142855,0.4666666666666667,5.545177444479562,0
76,35,Virtual,Universitario,0,60,30.0,669,21,8,4,81.15000034358307,0,0,31.857142857142858,0.5,0.7,6.507277712385012,0
77,26,Virtual,Técnico,0,60,13.0,303,7,7,3,50.72216667725627,0,0,43.285714285714285,0.42857142857142855,0.23333333333333334,5.717027701406222,0
78,30,Virtual,Universitario,0,60,58.0,126,8,6,3,62.827995437356705,0,1,15.75,0.5,0.26666666666666666,4.844187086458591,0
79,34,Virtual,Bachillerato,0,60,51.0,127,2,7,2,,0,1,63.5,0.2857142857142857,0.06666666666666667,4.852030263919617,1
80,27,Virtual,Universitario,0,60,12.0,613,16,5,3,90.58427564765596,0,0,38.3125,0.6,0.5333333333333333,6.419994928147142,0
81,33,Virtual,Bachillerato,0,60,7.0,1228,14,7,2,61.82992546060155,0,1,87.71428571428571,0.2857142857142857,0.4666666666666667,7.113956109566034,0
82,24,Virtual,Bachillerato,0,30,14.0,302,20,6,5,100.0,0,0,15.1,0.8333333333333334,0.6666666666666666,5.713732805509369,0
83,26,Virtual,Bachillerato,1,60,47.0,283,22,7,5,78.99524548820797,0,0,12.863636363636363,0.7142857142857143,0.7333333333333333,5.648974238161206,0
84,26,Virtual,Técnico,1,30,41.0,327,10,8,6,83.54372390236345,1,1,32.7,0.75,0.3333333333333333,5.793013608384144,0
85,19,Virtual,Universitario,1,30,52.0,989,18,8,2,68.61139900166424,0,0,54.94444444444444,0.25,0.6,6.897704943128636,0
86,33,Virtual,Técnico,0,30,28.0,188,8,7,3,51.72007196736809,0,0,23.5,0.42857142857142855,0.26666666666666666,5.241747015059643,0
87,25,Semipresencial,Técnico,0,30,15.0,1294,20,7,5,83.81695406846958,0,1,64.7,0.7142857142857143,0.6666666666666666,7.166265974133638,0
88,29,Semipresencial,Bachillerato,0,90,55.0,35,5,4,0,,0,1,7.0,0.0,0.16666666666666666,3.58351893845611,1
89,33,Semipresencial,Bachillerato,0,60,23.0,938,27,4,3,79.28279732697642,0,0,34.74074074074074,0.75,0.9,6.844815479208263,0
90,33,Virtual,Bachillerato,0,30,39.0,942,28,8,8,100.0,0,0,33.642857142857146,1.0,0.9333333333333333,6.849066282633458,0
91,34,Virtual,Bachillerato,0,90,1.0,470,12,6,2,52.41407591513297,0,0,39.166666666666664,0.3333333333333333,0.4,6.154858094016418,0
92,28,Virtual,Bachillerato,0,90,22.0,494,13,6,3,61.95772989833533,1,0,38.0,0.5,0.43333333333333335,6.20455776256869,0
93,26,Semipresencial,Universitario,1,90,57.0,250,7,7,4,52.592832869015744,0,1,35.714285714285715,0.5714285714285714,0.23333333333333334,5.5254529391317835,0
94,28,Semipresencial,Técnico,0,90,19.0,528,20,4,1,78.79285168595946,0,0,26.4,0.25,0.6666666666666666,6.270988431858299,0
95,18,Semipresencial,Técnico,0,120,53.0,1028,19,4,1,56.49334869645085,0,0,54.10526315789474,0.25,0.6333333333333333,6.9363427358340495,0
96,18,Semipresencial,Bachillerato,0,60,-16.0,432,14,4,1,79.4099297479812,0,0,30.857142857142858,0.25,0.4666666666666667,6.07073772800249,0
97,18,Virtual,Bachillerato,1,120,23.0,172,19,6,4,73.40749178005254,0,0,9.052631578947368,0.6666666666666666,0.6333333333333333,5.153291594497779,0
98,21,Semipresencial,Bachillerato,0,90,31.0,696,25,4,4,100.0,0,0,27.84,1.0,0.8333333333333334,6.546785410760524,0
99,32,Semipresencial,Bachillerato,0,30,73.0,444,17,4,3,89.78656992362666,0,0,26.11764705882353,0.75,0.5666666666666667,6.09807428216624,0
100,22,Virtual,Bachillerato,0,90,9.0,345,13,7,3,51.03319841049711,0,0,26.53846153846154,0.42857142857142855,0.43333333333333335,5.846438775057724,0
101,26,Semipresencial,Bachillerato,0,90,50.0,1375,28,7,6,97.41521957454947,0,0,49.107142857142854,0.8571428571428571,0.9333333333333333,7.226936018493289,0
102,39,Virtual,Bachillerato,1,60,58.0,55,2,5,0,,0,1,27.5,0.0,0.06666666666666667,4.02535169073515,1
103,26,Semipresencial,Técnico,0,90,19.0,759,19,7,3,87.41591813337749,0,0,39.94736842105263,0.42857142857142855,0.6333333333333333,6.633318433280377,0
104,35,Semipresencial,Bachillerato,0,60,27.0,1524,21,4,3,75.53595932720194,0,1,72.57142857142857,0.75,0.7,7.329749689041512,0
105,22,Virtual,Bachillerato,0,60,38.0,1112,19,6,4,72.97907116373558,0,0,58.526315789473685,0.6666666666666666,0.6333333333333333,7.014814351275545,0
106,27,Virtual,Bachillerato,1,60,2.0,252,11,5,3,80.7645755493995,1,0,22.90909090909091,0.6,0.36666666666666664,5.53338948872752,0
107,21,Virtual,Bachillerato,0,60,25.0,581,16,5,3,95.54870370259702,0,1,36.3125,0.6,0.5333333333333333,6.366470447731438,0
108,26,Semipresencial,Bachillerato,0,90,63.0,93,10,8,3,59.6399699280704,0,0,9.3,0.375,0.3333333333333333,4.543294782270004,0
109,36,Semipresencial,Bachillerato,0,90,46.0,912,20,4,2,62.17755612976501,0,0,45.6,0.5,0.6666666666666666,6.816735880594968,0
110,18,Virtual,Técnico,0,60,32.0,212,14,7,3,67.18497669589591,0,0,15.142857142857142,0.42857142857142855,0.4666666666666667,5.3612921657094255,0
111,32,Semipresencial,Bachillerato,0,120,37.0,573,16,5,4,74.04012390840813,0,0,35.8125,0.8,0.5333333333333333,6.352629396319567,0
112,31,Virtual,Universitario,1,30,48.0,338,10,6,2,66.94003985890399,0,1,33.8,0.3333333333333333,0.3333333333333333,5.82600010738045,0
113,24,Virtual,Bachillerato,0,120,52.0,870,15,5,1,49.891982680675525,0,1,58.0,0.2,0.5,6.769641976852503,0
114,18,Virtual,Bachillerato,1,30,23.0,874,23,7,6,100.0,0,0,38.0,0.8571428571428571,0.7666666666666667,6.774223886357614,0
115,30,Virtual,Bachillerato,0,60,69.0,771,25,4,3,91.80140031977704,0,0,30.84,0.75,0.8333333333333334,6.648984550024776,0
116,25,Virtual,Bachillerato,0,30,64.0,1088,25,4,4,100.0,0,0,43.52,1.0,0.8333333333333334,6.9930151229329605,0
117,31,Virtual,Bachillerato,0,60,50.0,755,12,5,2,39.72029657802645,1,0,62.916666666666664,0.4,0.4,6.628041376179533,0
118,29,Virtual,Universitario,1,60,16.0,144,12,8,6,,0,1,12.0,0.75,0.4,4.976733742420574,1
119,42,Virtual,Bachillerato,0,30,13.0,140,5,4,1,74.76207149376859,1,0,28.0,0.25,0.16666666666666666,4.948759890378168,0
120,27,Semipresencial,Técnico,0,60,28.0,601,8,4,3,71.2657482274575,1,0,75.125,0.75,0.26666666666666666,6.400257445308821,0
121,21,Virtual,Bachillerato,0,60,36.0,1178,13,6,4,61.88674031065452,0,0,90.61538461538461,0.6666666666666666,0.43333333333333335,7.072421900537371,0
122,30,Semipresencial,Bachillerato,0,30,-4.0,475,22,4,4,94.66761912136943,0,0,21.59090909090909,1.0,0.7333333333333333,6.16541785423142,0
123,31,Virtual,Bachillerato,1,60,46.0,320,6,6,2,62.87481563223532,0,0,53.333333333333336,0.3333333333333333,0.2,5.771441123130016,0
124,40,Virtual,Bachillerato,0,30,,264,10,5,5,88.60382576691335,0,1,26.4,1.0,0.3333333333333333,5.579729825986222,0
125,36,Virtual,Bachillerato,1,30,48.0,222,14,7,5,84.45902690077088,1,0,15.857142857142858,0.7142857142857143,0.4666666666666667,5.407171771460119,0
126,32,Virtual,Universitario,0,30,20.0,334,11,4,2,76.0400022325998,0,0,30.363636363636363,0.5,0.36666666666666664,5.814130531825066,0
127,41,Virtual,Técnico,0,60,18.0,379,7,4,0,,0,0,54.142857142857146,0.0,0.23333333333333334,5.940171252720432,1
128,19,Virtual,Universitario,0,60,42.0,642,20,4,4,100.0,0,0,32.1,1.0,0.6666666666666666,6.466144724237619,0
129,24,Virtual,Bachillerato,0,60,32.0,715,13,7,3,70.2655503663646,0,0,55.0,0.42857142857142855,0.43333333333333335,6.573680166960646,0
130,22,Virtual,Técnico,0,90,45.0,794,14,7,3,70.46275125541872,0,0,56.714285714285715,0.42857142857142855,0.4666666666666667,6.678342114654332,0
131,26,Virtual,Técnico,0,60,48.0,434,20,4,3,96.13373787361948,0,0,21.7,0.75,0.6666666666666666,6.075346031088684,0
132,18,Virtual,Técnico,0,90,59.0,204,9,6,3,77.58191649247745,0,0,22.666666666666668,0.5,0.3,5.3230099791384085,0
133,34,Semipresencial,Universitario,0,120,10.0,492,16,7,3,61.25141537452877,0,1,30.75,0.42857142857142855,0.5333333333333333,6.20050917404269,0
134,27,Virtual,Técnico,1,60,40.0,428,12,4,1,58.99463503497485,0,0,35.666666666666664,0.25,0.4,6.061456918928017,0
135,18,Semipresencial,Universitario,1,30,27.0,695,23,4,2,80.90874918015433,0,0,30.217391304347824,0.5,0.7666666666666667,6.54534966033442,0
136,21,Semipresencial,Técnico,0,30,33.0,273,8,7,1,49.786633745747565,0,1,34.125,0.14285714285714285,0.26666666666666666,5.6131281063880705,0
137,32,Semipresencial,Bachillerato,0,60,54.0,593,20,6,5,83.19656119473258,0,0,29.65,0.8333333333333334,0.6666666666666666,6.386879319362645,0
138,36,Semipresencial,Técnico,0,60,56.0,287,11,7,5,63.49535516027129,0,0,26.09090909090909,0.7142857142857143,0.36666666666666664,5.662960480135946,0
139,45,Virtual,Bachillerato,0,30,66.0,8676,26,6,6,64.70664764416372,0,0,333.6923076923077,1.0,0.8666666666666667,9.06843112579349,0
140,52,Virtual,Universitario,0,90,44.0,231,7,8,2,55.8610562994192,0,0,33.0,0.25,0.23333333333333334,5.44673737166631,0
141,32,Virtual,Técnico,0,120,33.0,245,15,4,0,,0,1,16.333333333333332,0.0,0.5,5.5053315359323625,1
142,21,Semipresencial,Bachillerato,0,30,29.0,381,6,4,3,65.65502975438201,0,0,63.5,0.75,0.2,5.945420608606575,0
143,18,Virtual,Bachillerato,0,30,-3.0,429,24,7,4,98.44875145369888,0,1,17.875,0.5714285714285714,0.8,6.063785208687608,0
144,31,Virtual,Bachillerato,0,30,64.0,168,4,8,1,41.389597907243484,0,1,42.0,0.125,0.13333333333333333,5.1298987149230735,0
145,22,Semipresencial,Bachillerato,0,60,28.0,628,25,4,4,100.0,0,0,25.12,1.0,0.8333333333333334,6.444131256700441,0
146,26,Virtual,Bachillerato,0,90,46.0,791,9,7,2,67.83118331773156,0,1,87.88888888888889,0.2857142857142857,0.3,6.674561391814426,0
147,24,Virtual,Técnico,0,60,50.0,969,15,8,6,100.0,0,0,64.6,0.75,0.5,6.877296071497429,0
148,28,Semipresencial,Técnico,0,30,8.0,304,11,6,5,91.19473853975171,0,0,27.636363636363637,0.8333333333333334,0.36666666666666664,5.720311776607412,0
149,38,Virtual,Universitario,0,60,15.0,185,4,8,1,36.59468723062679,0,0,46.25,0.125,0.13333333333333333,5.225746673713202,0
150,30,Virtual,Bachillerato,0,30,69.0,253,8,5,3,86.85239926899942,0,0,31.625,0.6,0.26666666666666666,5.537334267018537,0
151,28,Semipresencial,Bachillerato,0,60,41.0,289,15,8,7,100.0,0,0,19.266666666666666,0.875,0.5,5.66988092298052,0
152,21,Virtual,,0,60,22.0,137,3,6,2,40.05011943376141,0,1,45.666666666666664,0.3333333333333333,0.1,4.927253685157205,0
153,18,Virtual,Universitario,1,60,32.0,659,20,5,5,100.0,1,0,32.95,1.0,0.6666666666666666,6.492239835020471,0
154,25,Virtual,Bachillerato,1,60,59.0,865,22,4,4,100.0,0,0,39.31818181818182,1.0,0.7333333333333333,6.763884908562435,0
155,29,Virtual,Bachillerato,0,90,56.0,1038,23,8,7,90.34606183943444,0,0,45.130434782608695,0.875,0.7666666666666667,6.946013991099227,0
156,43,Virtual,Bachillerato,0,30,3.0,133,3,7,3,35.87225834726758,1,0,44.333333333333336,0.42857142857142855,0.1,4.897839799950911,0
157,30,Semipresencial,Técnico,0,60,71.0,332,15,7,4,73.41279102842459,0,0,22.133333333333333,0.5714285714285714,0.5,5.808142489980444,0
158,37,Semipresencial,Bachillerato,0,30,56.0,691,16,7,4,70.54145513929697,0,0,43.1875,0.5714285714285714,0.5333333333333333,6.539585955617669,0
159,25,Virtual,Técnico,1,30,32.0,733,14,5,2,,0,1,52.357142857142854,0.4,0.4666666666666667,6.598509028614515,1
160,20,Virtual,Técnico,0,90,9.0,765,15,4,2,73.1869044837816,0,1,51.0,0.5,0.5,6.641182169740591,0
161,21,Virtual,Técnico,0,60,58.0,205,4,7,2,55.10940885634291,0,0,51.25,0.2857142857142857,0.13333333333333333,5.327876168789581,0
162,23,Virtual,Bachillerato,0,30,45.0,396,11,5,2,61.2118503724263,0,1,36.0,0.4,0.36666666666666664,5.983936280687191,0
163,46,Virtual,Bachillerato,1,60,3.0,95,5,7,2,61.516114258641636,0,1,19.0,0.2857142857142857,0.16666666666666666,4.564348191467836,0
164,22,Virtual,Bachillerato,0,60,30.0,1532,17,8,3,71.28241830997757,0,0,90.11764705882354,0.375,0.5666666666666667,7.334981878871814,0
165,36,Virtual,Bachillerato,2,90,100.0,226,4,7,3,50.00637515607855,0,1,56.5,0.42857142857142855,0.13333333333333333,5.424950017481403,0
166,22,Semipresencial,Técnico,0,60,35.0,390,14,6,0,,0,1,27.857142857142858,0.0,0.4666666666666667,5.968707559985366,1
167,36,Virtual,Bachillerato,1,30,19.0,129,3,8,1,43.712940798211164,0,1,43.0,0.125,0.1,4.867534450455582,0
168,32,Semipresencial,Bachillerato,0,60,13.0,127,6,6,0,,0,1,21.166666666666668,0.0,0.2,4.852030263919617,1
169,28,Virtual,Bachillerato,0,30,74.0,1058,23,6,5,99.33294150625812,0,0,46.0,0.8333333333333334,0.7666666666666667,6.9650803456014065,0
170,29,Semipresencial,Técnico,2,30,54.0,277,9,8,1,57.57820921502639,0,1,30.77777777777778,0.125,0.3,5.627621113690637,0
171,24,Virtual,Bachillerato,0,60,66.0,295,16,5,3,80.99686951412667,0,0,18.4375,0.6,0.5333333333333333,5.69035945432406,0
172,33,Virtual,Técnico,0,60,40.0,197,12,5,2,,1,0,16.416666666666668,0.4,0.4,5.288267030694535,1
173,25,Semipresencial,Bachillerato,0,30,63.0,863,20,4,3,85.63527801923053,0,1,43.15,0.75,0.6666666666666666,6.761572768804055,0
174,19,Semipresencial,Universitario,1,90,16.0,522,12,7,3,76.7171060545349,0,1,43.5,0.42857142857142855,0.4,6.259581464064923,0
175,19,Virtual,Técnico,0,60,39.0,210,12,6,3,65.01826006080341,0,1,17.5,0.5,0.4,5.351858133476067,0
176,30,Virtual,Bachillerato,0,60,41.0,661,22,7,3,85.70146406150195,0,0,30.045454545454547,0.42857142857142855,0.7333333333333333,6.495265555937008,0
177,42,Virtual,Bachillerato,0,30,65.0,871,21,4,4,78.8518283018468,0,0,41.476190476190474,1.0,0.7,6.77078942390898,0
178,30,Virtual,Bachillerato,1,60,42.0,378,14,5,0,,0,0,27.0,0.0,0.4666666666666667,5.937536205082426,1
179,28,Virtual,Bachillerato,1,30,21.0,597,7,4,1,57.65908940046048,0,1,85.28571428571429,0.25,0.23333333333333334,6.393590753950631,0
180,31,Semipresencial,Bachillerato,0,30,36.0,697,18,5,3,91.73221985324506,0,1,38.72222222222222,0.6,0.6,6.548219102762372,0
181,39,Virtual,,0,30,-2.0,257,6,8,2,48.77284684718887,1,0,42.833333333333336,0.25,0.2,5.552959584921617,0
182,31,Virtual,Técnico,0,30,-16.0,1021,19,8,4,66.73227822281794,0,0,53.73684210526316,0.5,0.6333333333333333,6.92951677076365,0
183,26,Virtual,Bachillerato,0,30,53.0,1079,24,6,6,81.46606812328069,0,0,44.958333333333336,1.0,0.8,6.984716320118265,0
184,38,Virtual,Técnico,0,30,27.0,524,11,4,2,65.2491865258881,0,1,47.63636363636363,0.5,0.36666666666666664,6.263398262591624,0
185,32,Virtual,Bachillerato,0,90,29.0,1113,26,8,5,88.11501565781143,0,0,42.80769230769231,0.625,0.8666666666666667,7.01571242048723,0
186,41,Virtual,Universitario,1,90,53.0,568,11,4,1,37.975878680709464,0,1,51.63636363636363,0.25,0.36666666666666664,6.343880434126331,0
187,30,Virtual,Bachillerato,0,60,66.0,398,16,4,2,69.4850498832073,0,0,24.875,0.5,0.5333333333333333,5.988961416889864,0
188,19,Virtual,Técnico,1,90,47.0,103,8,6,0,,0,1,12.875,0.0,0.26666666666666666,4.6443908991413725,1
189,18,Semipresencial,Técnico,1,30,77.0,1749,28,8,7,91.41544731171918,0,0,62.464285714285715,0.875,0.9333333333333333,7.4673710669175595,0
190,42,Semipresencial,Bachillerato,0,60,46.0,229,7,7,1,57.18103777723709,1,0,32.714285714285715,0.14285714285714285,0.23333333333333334,5.438079308923196,0
191,43,Semipresencial,Bachillerato,0,90,42.0,416,17,5,3,61.07680982608403,0,1,24.470588235294116,0.6,0.5666666666666667,6.0330862217988015,0
192,28,Virtual,Bachillerato,1,60,40.0,146,7,6,2,59.31611958506429,0,1,20.857142857142858,0.3333333333333333,0.23333333333333334,4.990432586778736,0
193,26,Virtual,Universitario,0,30,7.0,353,15,4,1,65.09422642920268,0,0,23.533333333333335,0.25,0.5,5.869296913133774,0
194,41,Virtual,Bachillerato,1,60,56.0,253,7,5,2,61.085239937032505,0,1,36.142857142857146,0.4,0.23333333333333334,5.537334267018537,0
195,20,Virtual,Técnico,1,60,-19.0,261,7,7,0,,1,1,37.285714285714285,0.0,0.23333333333333334,5.568344503761097,1
196,22,Virtual,Técnico,3,60,22.0,228,3,6,1,42.27382790473401,1,1,76.0,0.16666666666666666,0.1,5.43372200355424,0
197,34,Virtual,Técnico,1,60,36.0,491,10,8,2,53.527550769295466,1,1,49.1,0.25,0.3333333333333333,6.198478716492308,0
198,26,Virtual,Bachillerato,0,60,18.0,492,9,6,3,58.47274966159664,0,0,54.666666666666664,0.5,0.3,6.20050917404269,0
199,29,Virtual,Bachillerato,0,30,25.0,1173,20,8,6,98.19353936738098,0,0,58.65,0.75,0.6666666666666666,7.068172000388042,0
200,28,Virtual,Técnico,1,60,75.0,477,12,7,4,57.59438556133574,1,1,39.75,0.5714285714285714,0.4,6.169610732491456,0
201,32,Virtual,Bachillerato,0,30,59.0,1058,15,6,1,63.47869733666229,0,0,70.53333333333333,0.16666666666666666,0.5,6.9650803456014065,0
202,40,Virtual,Universitario,0,90,20.0,489,21,8,7,,0,0,23.285714285714285,0.875,0.7,6.194405391104672,1
203,30,Virtual,Bachillerato,0,60,25.0,1154,21,8,5,95.51722034308357,0,0,54.95238095238095,0.625,0.7,7.051855622955894,0
204,34,Virtual,Bachillerato,1,60,7.0,155,5,5,1,60.46237685232528,0,1,31.0,0.2,0.16666666666666666,5.049856007249537,0
205,18,Virtual,Técnico,0,60,51.0,118,12,5,2,71.79690598679342,0,0,9.833333333333334,0.4,0.4,4.77912349311153,0
206,29,Virtual,Bachillerato,1,30,30.0,53,1,7,0,,0,1,53.0,0.0,0.03333333333333333,3.9889840465642745,1
207,22,Semipresencial,Bachillerato,1,60,-8.0,741,25,4,3,75.4338057478034,1,0,29.64,0.75,0.8333333333333334,6.60934924316738,0
208,19,Virtual,Bachillerato,2,60,37.0,59,4,7,0,,0,1,14.75,0.0,0.13333333333333333,4.0943445622221,1
209,22,Virtual,Bachillerato,0,60,45.0,799,26,6,6,100.0,0,0,30.73076923076923,1.0,0.8666666666666667,6.684611727667927,0
210,26,Semipresencial,Universitario,0,60,,462,16,7,3,76.76229365949274,1,0,28.875,0.42857142857142855,0.5333333333333333,6.137727054086234,0
211,36,Virtual,Bachillerato,0,120,33.0,1965,22,4,3,97.06466991964255,0,0,89.31818181818181,0.75,0.7333333333333333,7.583756300707112,0
212,18,Semipresencial,Bachillerato,1,60,27.0,258,14,6,2,79.00272904720143,0,0,18.428571428571427,0.3333333333333333,0.4666666666666667,5.556828061699537,0
213,29,Semipresencial,Bachillerato,0,60,79.0,384,9,6,5,81.71518059212755,0,0,42.666666666666664,0.8333333333333334,0.3,5.953243334287785,0
214,25,Virtual,Universitario,0,60,35.0,675,15,4,1,67.05221782398597,0,0,45.0,0.25,0.5,6.516193076042964,0
215,26,Virtual,Bachillerato,0,30,51.0,165,18,6,1,40.444476975805784,0,0,9.166666666666666,0.16666666666666666,0.6,5.111987788356544,0
216,37,Virtual,Universitario,1,30,,533,8,7,2,86.33151615756847,0,1,66.625,0.2857142857142857,0.26666666666666666,6.280395838960195,0
217,33,Semipresencial,Universitario,0,120,50.0,1372,28,6,6,95.43381307765128,0,0,49.0,1.0,0.9333333333333333,7.224753405767971,0
218,40,Virtual,Bachillerato,0,90,3.0,1150,19,7,6,97.84173889557344,0,0,60.526315789473685,0.8571428571428571,0.6333333333333333,7.048386408721883,0
219,28,Virtual,Técnico,1,120,25.0,826,21,5,1,58.17567313288068,0,0,39.333333333333336,0.2,0.7,6.717804695023691,0
220,23,Virtual,Técnico,0,30,8.0,479,23,7,4,76.11134134553446,0,1,20.82608695652174,0.5714285714285714,0.7666666666666667,6.173786103901937,0
221,27,Virtual,Bachillerato,0,30,22.0,372,24,5,3,80.15597702042946,0,0,15.5,0.6,0.8,5.921578419643816,0
222,31,Semipresencial,Bachillerato,0,60,63.0,370,8,5,2,51.658575958830774,0,0,46.25,0.4,0.26666666666666666,5.916202062607435,0
223,30,Virtual,Técnico,1,90,22.0,126,5,4,1,26.48744823800503,1,0,25.2,0.25,0.16666666666666666,4.844187086458591,0
224,20,Semipresencial,Técnico,0,30,51.0,153,22,4,3,100.0,0,0,6.954545454545454,0.75,0.7333333333333333,5.0369526024136295,0
225,30,Semipresencial,Técnico,1,30,68.0,335,12,4,0,,0,1,27.916666666666668,0.0,0.4,5.817111159963204,1
226,31,Virtual,Universitario,0,30,34.0,225,5,4,1,48.25974170141643,0,1,45.0,0.25,0.16666666666666666,5.420534999272286,0
227,49,Virtual,Bachillerato,0,60,57.0,1031,16,7,3,77.50863975190168,0,0,64.4375,0.42857142857142855,0.5333333333333333,6.939253946041508,0
228,44,Semipresencial,Técnico,0,90,47.0,334,11,5,3,85.73720796386772,0,1,30.363636363636363,0.6,0.36666666666666664,5.814130531825066,0
229,22,Semipresencial,Universitario,1,60,38.0,399,11,5,2,56.93375660732329,0,1,36.27272727272727,0.4,0.36666666666666664,5.991464547107982,0
230,27,Semipresencial,Bachillerato,2,30,52.0,204,6,4,1,58.742175479434835,1,0,34.0,0.25,0.2,5.3230099791384085,0
231,18,Virtual,Bachillerato,0,60,75.0,788,14,6,5,98.44830609371127,1,1,56.285714285714285,0.8333333333333334,0.4666666666666667,6.670766320845874,0
232,24,Virtual,Bachillerato,0,60,21.0,578,26,5,5,82.03977200019906,0,0,22.23076923076923,1.0,0.8666666666666667,6.361302477572996,0
233,32,Virtual,Universitario,1,30,14.0,265,7,5,0,,0,0,37.857142857142854,0.0,0.23333333333333334,5.583496308781699,1
234,39,Semipresencial,Bachillerato,0,30,13.0,1848,19,4,3,90.3226460305806,0,0,97.26315789473684,0.75,0.6333333333333333,7.522400231387125,0
235,23,Virtual,Técnico,0,60,57.0,600,9,6,2,87.18207470147384,0,1,66.66666666666667,0.3333333333333333,0.3,6.398594934535208,0
236,24,Virtual,Bachillerato,2,60,60.0,1126,15,5,2,71.1344230449159,0,0,75.06666666666666,0.4,0.5,7.027314514039777,0
237,18,Virtual,Bachillerato,0,120,23.0,136,2,7,1,48.59800003537246,0,1,68.0,0.14285714285714285,0.06666666666666667,4.919980925828125,0
238,28,Virtual,Técnico,0,60,-12.0,406,8,8,3,62.10773212777477,0,0,50.75,0.375,0.26666666666666666,6.008813185442595,0
239,21,Virtual,Bachillerato,0,60,20.0,581,19,6,4,100.0,0,0,30.57894736842105,0.6666666666666666,0.6333333333333333,6.366470447731438,0
240,25,Virtual,Universitario,0,60,47.0,228,23,6,4,80.72512723231769,0,0,9.91304347826087,0.6666666666666666,0.7666666666666667,5.43372200355424,0
241,22,Virtual,Bachillerato,1,60,34.0,411,12,8,2,67.1337536182442,1,0,34.25,0.25,0.4,6.021023349349527,0
242,28,Semipresencial,Universitario,0,30,39.0,358,11,5,2,65.3894333864231,0,0,32.54545454545455,0.4,0.36666666666666664,5.883322388488279,0
243,18,Semipresencial,Bachillerato,0,60,23.0,403,15,4,4,100.0,0,0,26.866666666666667,1.0,0.5,6.0014148779611505,0
244,18,Virtual,Universitario,0,30,57.0,231,7,7,0,,0,1,33.0,0.0,0.23333333333333334,5.44673737166631,1
245,46,Virtual,Técnico,0,60,43.0,1101,26,7,5,88.17084391083391,0,0,42.34615384615385,0.7142857142857143,0.8666666666666667,7.00488198971286,0
246,19,Semipresencial,Bachillerato,0,60,48.0,449,12,6,2,61.38553247176863,0,1,37.416666666666664,0.3333333333333333,0.4,6.1092475827643655,0
247,20,Virtual,Bachillerato,1,60,38.0,403,12,5,1,53.032703340958335,0,1,33.583333333333336,0.2,0.4,6.0014148779611505,0
248,44,Virtual,Bachillerato,0,60,47.0,1013,16,4,3,63.57287782510705,0,0,63.3125,0.75,0.5333333333333333,6.921658184151129,0
249,52,Virtual,Técnico,0,30,45.0,107,11,6,2,66.92337385617436,1,0,9.727272727272727,0.3333333333333333,0.36666666666666664,4.68213122712422,0
250,20,Virtual,Técnico,0,60,15.0,212,7,6,1,58.14808840244947,0,1,30.285714285714285,0.16666666666666666,0.23333333333333334,5.3612921657094255,0
251,26,Virtual,Bachillerato,0,30,43.0,844,16,6,2,58.67308331270188,0,0,52.75,0.3333333333333333,0.5333333333333333,6.739336627357174,0
252,32,Semipresencial,Bachillerato,1,90,52.0,126,11,5,2,43.23226647594276,1,0,11.454545454545455,0.4,0.36666666666666664,4.844187086458591,0
253,43,Virtual,Técnico,1,60,60.0,277,22,4,2,77.57542595175802,1,0,12.590909090909092,0.5,0.7333333333333333,5.627621113690637,0
254,21,Virtual,Bachillerato,0,90,44.0,285,13,6,4,83.47480942589789,0,0,21.923076923076923,0.6666666666666666,0.43333333333333335,5.655991810819852,0
255,27,Semipresencial,Técnico,0,60,14.0,577,20,7,5,89.87860002300329,0,0,28.85,0.7142857142857143,0.6666666666666666,6.359573868672378,0
256,35,Semipresencial,Bachillerato,0,90,17.0,405,15,4,3,71.87073847775457,0,0,27.0,0.75,0.5,6.0063531596017325,0
257,32,Semipresencial,Técnico,1,30,25.0,355,11,4,2,73.81127702517169,1,0,32.27272727272727,0.5,0.36666666666666664,5.87493073085203,0
258,26,Virtual,Universitario,0,30,39.0,136,16,6,3,72.65700987108607,0,0,8.5,0.5,0.5333333333333333,4.919980925828125,0
259,28,Virtual,,1,30,32.0,184,7,4,1,67.72385483955347,1,0,26.285714285714285,0.25,0.23333333333333334,5.220355825078325,0
260,18,Virtual,Bachillerato,0,30,10.0,786,17,4,2,63.65214827731184,0,0,46.23529411764706,0.5,0.5666666666666667,6.668228248417403,0
261,27,Virtual,Bachillerato,1,90,10.0,448,10,7,2,74.15958140223883,1,1,44.8,0.2857142857142857,0.3333333333333333,6.1070228877422545,0
262,27,Virtual,Técnico,1,60,-11.0,229,11,5,1,75.76983658547825,0,1,20.818181818181817,0.2,0.36666666666666664,5.438079308923196,0
263,31,Virtual,Bachillerato,0,60,-20.0,432,11,6,3,73.44294440620294,0,1,39.27272727272727,0.5,0.36666666666666664,6.07073772800249,0
264,25,Virtual,Universitario,1,60,32.0,364,13,7,2,66.85123097740448,1,0,28.0,0.2857142857142857,0.43333333333333335,5.8998973535824915,0
265,33,Semipresencial,Técnico,0,60,86.0,633,18,4,3,94.80671087058917,1,0,35.166666666666664,0.75,0.6,6.452048954437226,0
266,37,Semipresencial,Bachillerato,0,60,75.0,832,22,5,4,77.1915753724663,0,0,37.81818181818182,0.8,0.7333333333333333,6.725033642166843,0
267,30,Virtual,Técnico,0,90,13.0,512,6,5,2,59.66482380650618,0,1,85.33333333333333,0.4,0.2,6.240275845170769,0
268,32,Virtual,Bachillerato,0,60,38.0,212,3,6,3,69.86069426583913,0,0,70.66666666666667,0.5,0.1,5.3612921657094255,0
269,29,Virtual,Técnico,0,60,3.0,284,18,6,3,100.0,0,0,15.777777777777779,0.5,0.6,5.652489180268651,0
270,29,Virtual,Bachillerato,1,30,6.0,126,5,4,1,41.89672444061694,1,1,25.2,0.25,0.16666666666666666,4.844187086458591,0
271,23,Virtual,Técnico,0,120,9.0,299,22,6,5,100.0,0,0,13.590909090909092,0.8333333333333334,0.7333333333333333,5.703782474656201,0
272,32,Virtual,Universitario,0,30,30.0,337,8,7,3,65.3669976945203,0,1,42.125,0.42857142857142855,0.26666666666666666,5.823045895483019,0
273,28,Semipresencial,,1,60,31.0,408,12,8,2,59.686756223630404,0,1,34.0,0.25,0.4,6.013715156042802,0
274,46,Virtual,Universitario,0,90,41.0,763,13,6,3,87.76653222618889,0,0,58.69230769230769,0.5,0.43333333333333335,6.638567789166521,0
275,42,Semipresencial,Bachillerato,0,30,50.0,254,6,7,3,90.84310806661199,0,0,42.333333333333336,0.42857142857142855,0.2,5.541263545158426,0
276,32,Virtual,Técnico,0,30,28.0,927,13,8,3,73.47414949968905,1,0,71.3076923076923,0.375,0.43333333333333335,6.833031732786201,0
277,23,Virtual,Técnico,0,60,36.0,1650,22,7,3,89.36267812230741,0,0,75.0,0.42857142857142855,0.7333333333333333,7.409136443920128,0
278,20,Virtual,Técnico,1,60,11.0,246,3,6,1,40.93964159734746,0,1,82.0,0.16666666666666666,0.1,5.5093883366279774,0
279,39,Virtual,Bachillerato,0,90,5.0,79,8,6,3,64.04638046056527,0,1,9.875,0.5,0.26666666666666666,4.382026634673881,0
280,31,Virtual,Bachillerato,0,90,2.0,370,10,8,3,50.52062821735217,0,1,37.0,0.375,0.3333333333333333,5.916202062607435,0
281,33,Semipresencial,Técnico,0,60,49.0,264,9,7,4,67.47722869925626,0,1,29.333333333333332,0.5714285714285714,0.3,5.579729825986222,0
282,18,Virtual,Bachillerato,0,120,28.0,219,7,5,2,72.83281750522427,0,0,31.285714285714285,0.4,0.23333333333333334,5.393627546352361,0
283,36,Virtual,Técnico,1,60,-6.0,421,7,6,0,,0,1,60.142857142857146,0.0,0.23333333333333334,6.045005314036012,1
284,33,Virtual,Universitario,1,90,34.0,523,19,7,2,86.03237533187936,1,0,27.526315789473685,0.2857142857142857,0.6333333333333333,6.261491684321042,0
285,20,Virtual,Universitario,0,30,8.0,267,8,6,3,95.05653242697203,0,1,33.375,0.5,0.26666666666666666,5.5909869805108565,0
286,25,Virtual,Bachillerato,0,60,72.0,237,7,6,2,61.87861368275864,0,1,33.857142857142854,0.3333333333333333,0.23333333333333334,5.472270673671475,0
287,31,Virtual,Universitario,0,30,22.0,164,9,7,3,,0,0,18.22222222222222,0.42857142857142855,0.3,5.10594547390058,1
288,29,Semipresencial,Bachillerato,1,30,50.0,675,27,5,5,100.0,1,0,25.0,1.0,0.9,6.516193076042964,0
289,27,Virtual,Bachillerato,0,60,59.0,1036,17,7,3,87.80639796281763,0,0,60.94117647058823,0.42857142857142855,0.5666666666666667,6.9440872082295275,0
290,28,Virtual,Universitario,0,30,14.0,107,16,7,4,,0,0,6.6875,0.5714285714285714,0.5333333333333333,4.68213122712422,1
291,27,Virtual,Bachillerato,0,60,37.0,994,22,8,5,91.316732745784,0,0,45.18181818181818,0.625,0.7333333333333333,6.902742737158593,0
292,30,Semipresencial,Bachillerato,1,60,47.0,238,11,8,3,70.88983233845384,0,1,21.636363636363637,0.375,0.36666666666666664,5.476463551931511,0
293,41,Virtual,Bachillerato,0,30,38.0,376,12,7,4,63.44920543833367,0,0,31.333333333333332,0.5714285714285714,0.4,5.932245187448011,0
294,18,Virtual,Bachillerato,0,60,43.0,616,2,7,3,49.76285518934533,0,1,308.0,0.42857142857142855,0.06666666666666667,6.424869023905388,0
295,27,Virtual,Técnico,0,60,6.0,267,15,7,1,60.067748641836886,0,0,17.8,0.14285714285714285,0.5,5.5909869805108565,0
296,30,Virtual,Bachillerato,0,90,47.0,329,12,5,3,73.98901465744822,0,1,27.416666666666668,0.6,0.4,5.799092654460526,0
297,31,Virtual,Bachillerato,0,30,24.0,263,17,8,4,78.67332568214907,0,1,15.470588235294118,0.5,0.5666666666666667,5.575949103146316,0
298,26,Semipresencial,Técnico,0,120,43.0,320,8,6,3,68.8253020718475,0,0,40.0,0.5,0.26666666666666666,5.771441123130016,0
299,18,Virtual,Bachillerato,0,90,55.0,430,24,8,8,77.76082358942935,0,0,17.916666666666668,1.0,0.8,6.066108090103747,0
300,32,Semipresencial,Técnico,0,60,50.0,305,27,5,4,66.90368099101525,0,0,11.296296296296296,0.8,0.9,5.723585101952381,0
301,43,Virtual,Universitario,1,60,43.0,189,7,5,1,64.29916499642829,1,0,27.0,0.2,0.23333333333333334,5.247024072160486,0
302,18,Semipresencial,Técnico,0,60,49.0,105,6,7,1,47.77508580833024,0,1,17.5,0.14285714285714285,0.2,4.663439094112067,0
303,36,Semipresencial,Universitario,0,90,50.0,430,13,6,3,70.36450713604823,0,0,33.07692307692308,0.5,0.43333333333333335,6.066108090103747,0
304,26,Virtual,Bachillerato,0,30,68.0,392,23,6,6,90.95430420314642,0,0,17.043478260869566,1.0,0.7666666666666667,5.973809611869261,0
305,29,Virtual,Universitario,1,120,34.0,717,20,5,3,66.84341077281789,0,0,35.85,0.6,0.6666666666666666,6.576469569048224,0
306,21,Virtual,Bachillerato,0,90,39.0,867,23,5,4,78.77177781484,0,0,37.69565217391305,0.8,0.7666666666666667,6.7661917146603505,0
307,26,Semipresencial,Bachillerato,2,60,56.0,523,21,7,3,81.07375076733678,1,0,24.904761904761905,0.42857142857142855,0.7,6.261491684321042,0
308,39,Virtual,Técnico,0,60,24.0,326,5,4,0,,1,0,65.2,0.0,0.16666666666666666,5.7899601708972535,1
309,34,Virtual,Bachillerato,0,60,6.0,318,5,4,0,,0,0,63.6,0.0,0.16666666666666666,5.765191102784844,1
310,43,Virtual,Universitario,0,60,46.0,134,7,8,3,74.32901886780955,0,0,19.142857142857142,0.375,0.23333333333333334,4.90527477843843,0
311,38,Semipresencial,Técnico,0,90,30.0,2246,22,8,6,91.39876975208716,0,0,102.0909090909091,0.75,0.7333333333333333,7.717351272185329,0
312,33,Virtual,Universitario,0,30,8.0,3660,19,4,4,100.0,0,0,192.6315789473684,1.0,0.6333333333333333,8.205491613120236,0
313,43,Virtual,Bachillerato,1,30,46.0,609,15,4,2,71.4217102394346,0,0,40.6,0.5,0.5,6.413458957167357,0
314,33,Semipresencial,Bachillerato,0,60,66.0,660,16,5,2,87.36578466186963,0,0,41.25,0.4,0.5333333333333333,6.493753839851687,0
315,36,Virtual,Técnico,0,90,-1.0,50,3,6,2,71.1976635023767,0,1,16.666666666666668,0.3333333333333333,0.1,3.9318256327243257,0
316,27,Semipresencial,Bachillerato,0,60,57.0,718,11,4,1,74.02731831078901,0,0,65.27272727272727,0.25,0.36666666666666664,6.577861357721047,0
317,30,Virtual,Bachillerato,0,90,-20.0,119,16,8,6,73.03778793862956,0,1,7.4375,0.75,0.5333333333333333,4.787491742782046,0
318,23,Virtual,Técnico,1,60,26.0,188,6,6,2,63.125592109525776,0,1,31.333333333333332,0.3333333333333333,0.2,5.241747015059643,0
319,37,Semipresencial,Universitario,1,30,75.0,574,10,6,3,46.479722437569684,1,0,57.4,0.5,0.3333333333333333,6.354370040797351,0
320,20,Virtual,,1,90,28.0,326,15,4,4,100.0,1,0,21.733333333333334,1.0,0.5,5.7899601708972535,0
321,35,Virtual,Bachillerato,1,60,37.0,681,14,5,1,51.820078243560985,1,1,48.642857142857146,0.2,0.4666666666666667,6.525029657843462,0
322,27,Virtual,Bachillerato,0,60,52.0,571,16,7,4,71.69786175188162,0,0,35.6875,0.5714285714285714,0.5333333333333333,6.349138991379798,0
323,38,Virtual,Técnico,0,30,-3.0,732,15,7,1,44.27021465739783,0,1,48.8,0.14285714285714285,0.5,6.597145701886651,0
324,35,Virtual,Bachillerato,1,30,37.0,712,12,5,1,57.76474014607353,0,1,59.333333333333336,0.2,0.4,6.569481420414296,0
325,44,Virtual,Bachillerato,1,30,36.0,1511,21,6,1,58.66430678617456,0,0,71.95238095238095,0.16666666666666666,0.7,7.321188556739479,0
326,35,Virtual,Bachillerato,1,60,76.0,392,6,4,1,78.67237199604196,0,1,65.33333333333333,0.25,0.2,5.973809611869261,0
327,18,Virtual,Bachillerato,0,60,8.0,151,13,6,4,89.79415797692897,0,0,11.615384615384615,0.6666666666666666,0.43333333333333335,5.0238805208462765,0
328,28,Virtual,Bachillerato,1,30,27.0,78,6,5,1,48.72418664341248,1,1,13.0,0.2,0.2,4.3694478524670215,0
329,20,Virtual,Bachillerato,0,30,15.0,99,3,8,3,42.90520457464971,1,0,33.0,0.375,0.1,4.605170185988092,0
330,25,Virtual,Técnico,0,30,12.0,676,12,5,4,56.595953853072004,0,0,56.333333333333336,0.8,0.4,6.517671272912275,0
331,41,Virtual,Bachillerato,1,60,60.0,496,28,6,6,85.08496064061761,0,0,17.714285714285715,1.0,0.9333333333333333,6.208590026096629,0
332,34,Semipresencial,Técnico,0,120,36.0,735,15,7,3,55.56111571426605,0,1,49.0,0.42857142857142855,0.5,6.601230118728877,0
333,23,Virtual,Bachillerato,0,60,23.0,649,10,4,0,,0,1,64.9,0.0,0.3333333333333333,6.476972362889683,1
334,21,Virtual,Universitario,1,30,24.0,369,6,5,1,53.16063568847067,1,0,61.5,0.2,0.2,5.91350300563827,0
335,29,Virtual,Bachillerato,1,60,23.0,1127,23,8,5,80.60791531258519,0,0,49.0,0.625,0.7666666666666667,7.028201432058005,0
336,19,Semipresencial,Bachillerato,2,90,25.0,296,9,7,2,45.42007995535965,0,1,32.888888888888886,0.2857142857142857,0.3,5.6937321388027,0
337,24,Virtual,Bachillerato,0,90,7.0,785,25,5,4,92.97438873688394,0,0,31.4,0.8,0.8333333333333334,6.666956792429207,0
338,31,Virtual,Bachillerato,0,90,29.0,1165,13,6,2,49.77178889658328,0,0,89.61538461538461,0.3333333333333333,0.43333333333333335,7.061334366910438,0
339,38,Virtual,Bachillerato,1,90,27.0,20,2,8,0,,1,1,10.0,0.0,0.06666666666666667,3.044522437723423,1
340,34,Virtual,Universitario,0,60,18.0,407,16,4,3,94.26296595553065,0,0,25.4375,0.75,0.5333333333333333,6.0112671744041615,0
341,18,Semipresencial,Universitario,1,120,38.0,205,7,5,0,,0,1,29.285714285714285,0.0,0.23333333333333334,5.327876168789581,1
342,31,Semipresencial,Bachillerato,1,30,40.0,129,6,5,1,60.223725888819466,1,1,21.5,0.2,0.2,4.867534450455582,0
343,30,Virtual,Bachillerato,0,90,23.0,760,16,7,3,48.36333694286776,0,0,47.5,0.42857142857142855,0.5333333333333333,6.634633357861686,0
344,32,Semipresencial,Técnico,0,90,32.0,663,16,6,4,,0,0,41.4375,0.6666666666666666,0.5333333333333333,6.498282149476434,1
345,42,Virtual,Técnico,0,90,82.0,413,13,6,5,89.74377149382367,0,0,31.76923076923077,0.8333333333333334,0.43333333333333335,6.025865973825314,0
346,18,Virtual,Bachillerato,0,60,82.0,651,15,5,3,90.61422851914423,0,0,43.4,0.6,0.5,6.480044561926653,0
347,24,Semipresencial,Técnico,1,90,12.0,617,11,5,2,62.391192318046485,1,0,56.09090909090909,0.4,0.36666666666666664,6.42648845745769,0
348,34,Virtual,Bachillerato,0,30,15.0,565,17,6,5,100.0,1,0,33.23529411764706,0.8333333333333334,0.5666666666666667,6.338594078203183,0
349,18,Virtual,Técnico,1,60,12.0,233,7,7,0,,1,1,33.285714285714285,0.0,0.23333333333333334,5.455321115357702,1
350,41,Virtual,Bachillerato,0,60,58.0,565,17,8,4,67.19019429873485,0,0,33.23529411764706,0.5,0.5666666666666667,6.338594078203183,0
351,32,Semipresencial,Bachillerato,1,60,26.0,992,22,7,5,84.92395751946793,0,0,45.09090909090909,0.7142857142857143,0.7333333333333333,6.900730664045173,0
352,36,Virtual,Bachillerato,0,60,40.0,825,12,4,1,68.67249816602367,0,0,68.75,0.25,0.4,6.716594773520978,0
353,24,Virtual,Técnico,0,60,79.0,967,19,6,4,75.77650092703547,1,0,50.89473684210526,0.6666666666666666,0.6333333333333333,6.875232087276577,0
354,36,Virtual,Bachillerato,1,30,35.0,700,9,5,2,51.43882000685378,0,1,77.77777777777777,0.4,0.3,6.55250788703459,0
355,38,Virtual,Técnico,0,60,51.0,455,17,8,5,87.54315438282472,0,0,26.764705882352942,0.625,0.5666666666666667,6.1224928095143865,0
356,31,Virtual,Técnico,1,60,46.0,290,15,6,1,60.182221204985915,0,1,19.333333333333332,0.16666666666666666,0.5,5.673323267171493,0
357,31,Semipresencial,Técnico,0,60,22.0,244,8,5,1,54.86454773350131,0,0,30.5,0.2,0.26666666666666666,5.501258210544727,0
358,31,Semipresencial,Bachillerato,1,60,58.0,518,20,5,3,83.78577470057552,1,0,25.9,0.6,0.6666666666666666,6.251903883165888,0
359,22,Semipresencial,Bachillerato,0,30,16.0,954,21,4,1,,0,0,45.42857142857143,0.25,0.7,6.86171134048073,1
360,28,Semipresencial,Bachillerato,0,90,64.0,324,7,6,1,55.506427134975,1,0,46.285714285714285,0.16666666666666666,0.23333333333333334,5.783825182329737,0
361,28,Virtual,Técnico,1,60,22.0,105,5,5,1,52.2310768261797,0,1,21.0,0.2,0.16666666666666666,4.663439094112067,0
362,32,Virtual,Universitario,0,30,24.0,475,11,6,3,62.197306958015396,0,0,43.18181818181818,0.5,0.36666666666666664,6.16541785423142,0
363,37,Virtual,Bachillerato,0,60,11.0,233,10,5,4,,0,1,23.3,0.8,0.3333333333333333,5.455321115357702,1
364,21,Virtual,Universitario,0,60,15.0,1327,19,6,5,82.80823883106633,1,0,69.84210526315789,0.8333333333333334,0.6333333333333333,7.191429330036379,0
365,28,Semipresencial,Bachillerato,1,60,26.0,342,12,7,4,72.69913739033605,0,0,28.5,0.5714285714285714,0.4,5.83773044716594,0
366,41,Virtual,Bachillerato,0,30,-18.0,280,11,7,4,52.30900364037717,1,0,25.454545454545453,0.5714285714285714,0.36666666666666664,5.638354669333745,0
367,23,Semipresencial,Bachillerato,0,30,30.0,333,9,8,3,77.53693641841205,0,0,37.0,0.375,0.3,5.8111409929767,0
368,22,Virtual,Técnico,0,30,24.0,255,6,4,2,69.52129508973354,1,0,42.5,0.5,0.2,5.545177444479562,0
369,31,Virtual,Bachillerato,0,30,52.0,184,6,4,1,47.01892514494957,1,0,30.666666666666668,0.25,0.2,5.220355825078325,0
370,36,Virtual,Bachillerato,1,30,44.0,209,7,6,1,73.58247539895771,0,1,29.857142857142858,0.16666666666666666,0.23333333333333334,5.3471075307174685,0
371,29,Virtual,Técnico,0,90,19.0,126,9,6,2,65.11817461420955,0,1,14.0,0.3333333333333333,0.3,4.844187086458591,0
372,40,Virtual,Bachillerato,0,60,25.0,652,13,7,3,54.413928338667716,0,0,50.15384615384615,0.42857142857142855,0.43333333333333335,6.481577129276431,0
373,36,Virtual,Bachillerato,0,60,30.0,877,14,5,3,96.36065096624154,0,0,62.642857142857146,0.6,0.4666666666666667,6.777646593635117,0
374,36,Virtual,Bachillerato,0,60,68.0,1241,22,6,4,100.0,0,0,56.40909090909091,0.6666666666666666,0.7333333333333333,7.124478262493424,0
375,33,Semipresencial,Bachillerato,0,60,17.0,135,4,7,3,54.58034217883088,0,0,33.75,0.42857142857142855,0.13333333333333333,4.912654885736052,0
376,48,Virtual,Bachillerato,0,30,19.0,118,2,7,3,60.509952868564454,0,0,59.0,0.42857142857142855,0.06666666666666667,4.77912349311153,0
377,27,Virtual,Bachillerato,1,30,10.0,363,9,6,2,56.12562367150693,0,1,40.333333333333336,0.3333333333333333,0.3,5.8971538676367405,0
378,18,Semipresencial,Técnico,0,30,2.0,157,11,6,2,43.04304174943469,0,0,14.272727272727273,0.3333333333333333,0.36666666666666664,5.062595033026967,0
379,42,Virtual,Bachillerato,1,60,42.0,544,22,4,4,97.99625007072875,0,0,24.727272727272727,1.0,0.7333333333333333,6.300785794663244,0
380,25,Semipresencial,Técnico,0,60,39.0,656,17,6,3,85.49174486498416,0,0,38.588235294117645,0.5,0.5666666666666667,6.487684018484611,0
381,30,Semipresencial,Bachillerato,1,60,63.0,124,10,6,1,63.715999090591865,0,0,12.4,0.16666666666666666,0.3333333333333333,4.8283137373023015,0
382,39,Virtual,Bachillerato,0,60,58.0,261,13,4,1,64.04304560257494,0,1,20.076923076923077,0.25,0.43333333333333335,5.568344503761097,0
383,18,Virtual,Bachillerato,1,120,88.0,877,18,8,4,84.20590872345132,1,0,48.72222222222222,0.5,0.6,6.777646593635117,0
384,19,Virtual,Bachillerato,1,30,33.0,233,10,7,3,52.16156418951462,0,0,23.3,0.42857142857142855,0.3333333333333333,5.455321115357702,0
385,18,Semipresencial,Bachillerato,1,60,29.0,200,19,7,6,100.0,0,0,10.526315789473685,0.8571428571428571,0.6333333333333333,5.303304908059076,0
386,23,Semipresencial,Bachillerato,0,60,6.0,732,13,6,3,63.885014720419804,1,0,56.30769230769231,0.5,0.43333333333333335,6.597145701886651,0
387,33,Virtual,Universitario,0,60,50.0,332,16,8,6,76.36790820991888,0,0,20.75,0.75,0.5333333333333333,5.808142489980444,0
388,33,Virtual,Universitario,1,60,38.0,791,15,4,3,73.84741085110382,0,0,52.733333333333334,0.75,0.5,6.674561391814426,0
389,31,Virtual,Bachillerato,1,60,49.0,1147,15,8,5,,0,0,76.46666666666667,0.625,0.5,7.045776576879511,1
390,18,Virtual,Técnico,0,30,10.0,82,2,5,2,60.987311322332545,0,1,41.0,0.4,0.06666666666666667,4.418840607796598,0
391,18,Semipresencial,,0,60,43.0,596,20,8,8,93.22266219533317,0,0,29.8,1.0,0.6666666666666666,6.391917113392602,0
392,29,Virtual,Técnico,0,90,40.0,202,7,4,1,61.90567981563098,0,1,28.857142857142858,0.25,0.23333333333333334,5.313205979041787,0
393,25,Virtual,Bachillerato,1,60,38.0,334,6,5,1,45.075634327905114,0,1,55.666666666666664,0.2,0.2,5.814130531825066,0
394,33,Virtual,Bachillerato,0,120,20.0,259,10,6,2,67.16591893890865,1,0,25.9,0.3333333333333333,0.3333333333333333,5.560681631015528,0
395,35,Semipresencial,Bachillerato,0,60,61.0,87,13,7,1,46.49344390191822,0,0,6.6923076923076925,0.14285714285714285,0.43333333333333335,4.477336814478207,0
396,30,Semipresencial,Bachillerato,0,60,80.0,328,19,4,4,100.0,1,0,17.263157894736842,1.0,0.6333333333333333,5.796057750765372,0
397,35,Virtual,Bachillerato,0,60,11.0,107,4,5,2,73.04084099244457,0,1,26.75,0.4,0.13333333333333333,4.68213122712422,0
398,31,Virtual,Universitario,1,60,51.0,1122,23,8,7,89.83055707472764,0,0,48.78260869565217,0.875,0.7666666666666667,7.023758954738443,0
399,33,Virtual,Universitario,0,90,-20.0,366,13,4,2,65.35363454376747,0,0,28.153846153846153,0.5,0.43333333333333335,5.905361848054571,0
400,23,Virtual,Bachillerato,0,30,50.0,884,20,8,5,85.48359975181211,0,0,44.2,0.625,0.6666666666666666,6.785587645007929,0
401,28,Virtual,Bachillerato,0,60,-6.0,144,5,7,2,49.955376906014784,0,0,28.8,0.2857142857142857,0.16666666666666666,4.976733742420574,0
402,31,Virtual,,0,60,23.0,171,5,8,3,64.41448277603756,1,1,34.2,0.375,0.16666666666666666,5.147494476813453,0
403,36,Virtual,Bachillerato,0,90,6.0,713,13,8,7,85.5782166093469,0,0,54.84615384615385,0.875,0.43333333333333335,6.570882962339584,0
404,26,Virtual,Técnico,0,60,30.0,1559,28,5,4,100.0,0,0,55.67857142857143,0.8,0.9333333333333333,7.352441100243583,0
405,33,Virtual,Bachillerato,2,120,53.0,1722,20,8,2,46.77536980818283,0,1,86.1,0.25,0.6666666666666666,7.45182223652793,0
406,27,Virtual,Universitario,1,90,-6.0,1009,24,6,5,56.85894718593393,0,1,42.041666666666664,0.8333333333333334,0.8,6.917705609835305,0
407,28,Semipresencial,Universitario,1,60,27.0,148,15,5,0,,0,0,9.866666666666667,0.0,0.5,5.003946305945459,1
408,36,Virtual,Técnico,0,90,24.0,145,3,8,1,32.813620570276925,0,1,48.333333333333336,0.125,0.1,4.983606621708336,0
409,18,Semipresencial,Técnico,0,120,70.0,120,10,6,1,50.11299500194613,0,0,12.0,0.16666666666666666,0.3333333333333333,4.795790545596741,0
410,19,Virtual,Bachillerato,0,30,44.0,394,8,7,2,46.68589320547284,0,1,49.25,0.2857142857142857,0.26666666666666666,5.978885764901122,0
411,18,Virtual,Bachillerato,2,60,9.0,283,8,7,1,39.974563478160164,1,0,35.375,0.14285714285714285,0.26666666666666666,5.648974238161206,0
412,18,Virtual,Bachillerato,0,30,25.0,937,17,5,2,58.771084091871074,0,0,55.11764705882353,0.4,0.5666666666666667,6.843749949006225,0
413,24,Virtual,Técnico,0,60,69.0,272,9,8,1,68.25541779716748,0,1,30.22222222222222,0.125,0.3,5.60947179518496,0
414,35,Virtual,Bachillerato,0,30,51.0,345,11,8,4,71.46764627185932,0,0,31.363636363636363,0.5,0.36666666666666664,5.846438775057724,0
415,27,Virtual,Técnico,2,60,15.0,767,17,6,2,75.92210030436938,0,0,45.11764705882353,0.3333333333333333,0.5666666666666667,6.643789733147672,0
416,31,Semipresencial,Bachillerato,0,60,29.0,136,23,6,6,98.13577781004476,0,0,5.913043478260869,1.0,0.7666666666666667,4.919980925828125,0
417,38,Virtual,Bachillerato,0,60,30.0,679,16,4,1,76.44307907557061,0,0,42.4375,0.25,0.5333333333333333,6.522092798170152,0
418,40,Virtual,Bachillerato,0,30,23.0,135,22,7,5,82.61711590160982,0,0,6.136363636363637,0.7142857142857143,0.7333333333333333,4.912654885736052,0
419,28,Virtual,Universitario,0,60,-3.0,462,19,8,6,100.0,0,0,24.31578947368421,0.75,0.6333333333333333,6.137727054086234,0
420,40,Virtual,Bachillerato,0,60,20.0,883,22,8,5,88.50161814539277,1,1,40.13636363636363,0.625,0.7333333333333333,6.784457062637643,0
421,30,Semipresencial,Bachillerato,0,60,66.0,97,12,6,2,56.90881321506814,0,1,8.083333333333334,0.3333333333333333,0.4,4.584967478670572,0
422,22,Semipresencial,Bachillerato,0,30,27.0,877,19,8,6,93.37979522290401,0,0,46.1578947368421,0.75,0.6333333333333333,6.777646593635117,0
423,24,Virtual,Técnico,0,30,33.0,757,17,7,5,83.8180378937592,0,0,44.529411764705884,0.7142857142857143,0.5666666666666667,6.630683385642372,0
424,18,Virtual,Universitario,1,60,38.0,760,12,6,5,79.83657448111728,0,0,63.333333333333336,0.8333333333333334,0.4,6.634633357861686,0
425,22,Virtual,Bachillerato,1,90,84.0,100,12,8,3,66.00225540617743,0,1,8.333333333333334,0.375,0.4,4.61512051684126,0
426,26,Virtual,Universitario,0,30,35.0,1891,22,4,4,100.0,0,1,85.95454545454545,1.0,0.7333333333333333,7.545389749611823,0
427,35,Semipresencial,Bachillerato,0,60,59.0,195,11,7,2,38.49699185316968,0,1,17.727272727272727,0.2857142857142857,0.36666666666666664,5.278114659230518,0
428,43,Semipresencial,Técnico,1,30,22.0,465,11,7,1,51.26728605584439,0,0,42.27272727272727,0.14285714285714285,0.36666666666666664,6.144185634125646,0
429,18,Virtual,Bachillerato,0,60,29.0,543,19,6,2,78.30871524183743,1,0,28.57894736842105,0.3333333333333333,0.6333333333333333,6.298949246855942,0
430,32,Virtual,,0,30,35.0,471,15,7,2,69.0858700374195,0,1,31.4,0.2857142857142857,0.5,6.156978985585555,0
431,21,Virtual,Técnico,1,60,18.0,1439,18,8,4,59.38342812718456,0,1,79.94444444444444,0.5,0.6,7.272398392570047,0
432,33,Virtual,Bachillerato,0,60,31.0,121,6,6,2,34.55351822056008,0,0,20.166666666666668,0.3333333333333333,0.2,4.804021044733257,0
433,28,Virtual,Bachillerato,1,30,55.0,328,4,5,2,81.81112000154985,1,1,82.0,0.4,0.13333333333333333,5.796057750765372,0
434,18,Virtual,Técnico,0,60,,909,17,6,3,73.10501540748446,0,0,53.470588235294116,0.5,0.5666666666666667,6.813444599510896,0
435,36,Semipresencial,Universitario,1,60,35.0,344,10,6,3,86.66859410498849,0,1,34.4,0.5,0.3333333333333333,5.84354441703136,0
436,24,Virtual,Bachillerato,0,60,51.0,324,10,6,5,93.70621966453923,0,0,32.4,0.8333333333333334,0.3333333333333333,5.783825182329737,0
437,25,Virtual,Técnico,0,120,17.0,917,21,5,4,79.42663732131768,0,0,43.666666666666664,0.8,0.7,6.822197390620491,0
438,20,Virtual,Técnico,0,60,59.0,288,10,6,1,28.816127864329395,0,1,28.8,0.16666666666666666,0.3333333333333333,5.666426688112432,0
439,24,Virtual,Bachillerato,1,90,37.0,441,16,5,3,70.0542069096666,0,0,27.5625,0.6,0.5333333333333333,6.091309882077698,0
440,32,Semipresencial,Universitario,0,60,31.0,256,7,8,4,69.40309160197337,0,1,36.57142857142857,0.5,0.23333333333333334,5.54907608489522,0
441,27,Virtual,Bachillerato,0,30,-9.0,582,9,6,1,63.69125359226457,1,1,64.66666666666667,0.16666666666666666,0.3,6.368187186350492,0
442,32,Semipresencial,Técnico,0,30,27.0,843,27,8,8,86.5194567202495,0,0,31.22222222222222,1.0,0.9,6.738152494595957,0
443,32,Semipresencial,Bachillerato,0,60,43.0,254,27,5,4,94.38607899663226,0,0,9.407407407407407,0.8,0.9,5.541263545158426,0
444,40,Virtual,Bachillerato,0,60,73.0,192,6,5,2,67.63170289095785,0,1,32.0,0.4,0.2,5.262690188904886,0
445,26,Virtual,Bachillerato,1,90,47.0,74,3,5,2,72.68143799513955,0,1,24.666666666666668,0.4,0.1,4.31748811353631,0
446,18,Semipresencial,Bachillerato,1,60,60.0,392,18,6,2,,1,0,21.77777777777778,0.3333333333333333,0.6,5.973809611869261,1
447,38,Virtual,Universitario,0,60,8.0,161,4,7,2,65.37025561255756,0,1,40.25,0.2857142857142857,0.13333333333333333,5.087596335232384,0
448,26,Virtual,Universitario,0,60,32.0,229,9,6,3,74.41124338972118,0,1,25.444444444444443,0.5,0.3,5.438079308923196,0
449,38,Semipresencial,Bachillerato,1,60,62.0,603,20,8,5,89.25704007741133,0,0,30.15,0.625,0.6666666666666666,6.403574197934815,0
450,32,Semipresencial,Bachillerato,0,60,15.0,920,25,6,6,88.91107487578535,0,0,36.8,1.0,0.8333333333333334,6.825460036255307,0
451,28,Virtual,Bachillerato,1,30,56.0,448,11,8,3,27.44972814293682,1,0,40.72727272727273,0.375,0.36666666666666664,6.1070228877422545,0
452,32,Virtual,Bachillerato,0,30,51.0,870,20,4,3,83.65764387372468,0,0,43.5,0.75,0.6666666666666666,6.769641976852503,0
453,45,Virtual,Bachillerato,0,30,41.0,975,23,5,2,72.07840549059881,0,0,42.391304347826086,0.4,0.7666666666666667,6.883462586413092,0
454,46,Semipresencial,Universitario,0,30,28.0,191,6,7,4,58.1240593477002,1,0,31.833333333333332,0.5714285714285714,0.2,5.2574953720277815,0
455,30,Virtual,Técnico,0,60,13.0,356,28,5,5,82.30327148434625,0,0,12.714285714285714,1.0,0.9333333333333333,5.877735781779639,0
456,30,Virtual,Bachillerato,0,30,74.0,716,18,7,3,66.28930282381317,0,0,39.77777777777778,0.42857142857142855,0.6,6.57507584059962,0
457,38,Virtual,Bachillerato,1,30,49.0,324,5,6,2,58.0381398117277,1,1,64.8,0.3333333333333333,0.16666666666666666,5.783825182329737,0
458,22,Semipresencial,Técnico,0,90,42.0,127,17,6,6,95.49513464781423,0,0,7.470588235294118,1.0,0.5666666666666667,4.852030263919617,0
459,32,Semipresencial,Bachillerato,1,120,26.0,254,22,6,5,60.34300023110633,0,0,11.545454545454545,0.8333333333333334,0.7333333333333333,5.541263545158426,0
460,29,Virtual,Bachillerato,0,60,36.0,150,7,8,4,48.80752021833756,0,1,21.428571428571427,0.5,0.23333333333333334,5.017279836814924,0
461,32,Virtual,Bachillerato,0,60,39.0,495,9,7,2,76.36180910430977,0,1,55.0,0.2857142857142857,0.3,6.206575926724928,0
462,22,Semipresencial,Bachillerato,0,60,44.0,195,9,8,4,68.67470227764963,0,0,21.666666666666668,0.5,0.3,5.278114659230518,0
463,18,Semipresencial,Bachillerato,0,30,51.0,1191,22,4,3,87.57079637911771,0,0,54.13636363636363,0.75,0.7333333333333333,7.083387847625295,0
464,18,Virtual,Técnico,2,60,18.0,349,9,8,2,39.45092044401518,0,1,38.77777777777778,0.25,0.3,5.857933154483459,0
465,20,Virtual,Bachillerato,0,30,3.0,251,8,8,3,65.59715598800776,0,1,31.375,0.375,0.26666666666666666,5.529429087511423,0
466,25,Virtual,Técnico,1,60,37.0,2138,17,8,4,67.84194822809319,0,1,125.76470588235294,0.5,0.5666666666666667,7.668093709082406,0
467,27,Virtual,Bachillerato,1,120,-3.0,123,10,6,4,67.41094751997778,0,0,12.3,0.6666666666666666,0.3333333333333333,4.820281565605037,0
468,44,Virtual,Universitario,1,60,28.0,186,5,6,1,35.541323289307776,0,1,37.2,0.16666666666666666,0.16666666666666666,5.231108616854587,0
469,38,Virtual,Bachillerato,0,120,24.0,209,9,6,1,47.86148775735238,0,0,23.22222222222222,0.16666666666666666,0.3,5.3471075307174685,0
470,21,Virtual,Bachillerato,0,60,46.0,472,11,8,3,90.9642096162673,0,0,42.90909090909091,0.375,0.36666666666666664,6.159095388491933,0
471,32,Semipresencial,Bachillerato,1,60,79.0,98,5,8,3,56.80635300356374,1,0,19.6,0.375,0.16666666666666666,4.59511985013459,0
472,26,Virtual,Bachillerato,0,60,-8.0,79,2,8,2,67.07543542876772,0,1,39.5,0.25,0.06666666666666667,4.382026634673881,0
473,27,Virtual,Bachillerato,0,60,85.0,378,20,8,4,74.64322641455203,0,1,18.9,0.5,0.6666666666666666,5.937536205082426,0
474,30,Virtual,Técnico,0,60,30.0,186,6,7,1,51.983179102790636,0,1,31.0,0.14285714285714285,0.2,5.231108616854587,0
475,34,Virtual,Bachillerato,0,30,43.0,881,17,5,3,71.51796838722696,0,0,51.8235294117647,0.6,0.5666666666666667,6.782192056006791,0
476,26,Virtual,Bachillerato,0,60,4.0,231,15,4,1,80.8975839312397,0,0,15.4,0.25,0.5,5.44673737166631,0
477,38,Virtual,Bachillerato,0,30,57.0,411,22,8,6,92.07686275477329,0,0,18.681818181818183,0.75,0.7333333333333333,6.021023349349527,0
478,20,Virtual,Técnico,1,60,36.0,306,11,4,2,59.574690737364314,0,1,27.818181818181817,0.5,0.36666666666666664,5.726847747587197,0
479,29,Virtual,Universitario,0,30,34.0,344,11,4,2,67.32067980286743,0,0,31.272727272727273,0.5,0.36666666666666664,5.84354441703136,0
480,50,Semipresencial,Técnico,0,60,-8.0,789,12,6,2,79.17755080201512,0,1,65.75,0.3333333333333333,0.4,6.672032945461067,0
481,31,Virtual,Técnico,1,30,37.0,119,6,7,1,18.666110479092126,0,1,19.833333333333332,0.14285714285714285,0.2,4.787491742782046,0
482,40,Semipresencial,Técnico,1,30,54.0,536,10,7,3,69.51174092829984,0,1,53.6,0.42857142857142855,0.3333333333333333,6.285998094508865,0
483,30,Semipresencial,Técnico,0,60,30.0,1221,17,5,3,85.60121770587308,0,0,71.82352941176471,0.6,0.5666666666666667,7.108244139731541,0
484,34,Semipresencial,Bachillerato,2,30,61.0,477,16,6,2,53.46970955977517,1,1,29.8125,0.3333333333333333,0.5333333333333333,6.169610732491456,0
485,29,Virtual,Técnico,0,120,60.0,72,3,8,2,60.00513168480951,0,0,24.0,0.25,0.1,4.290459441148391,0
486,28,Virtual,Técnico,0,60,21.0,893,15,7,4,,0,0,59.53333333333333,0.5714285714285714,0.5,6.795705775173515,1
487,23,Virtual,Bachillerato,0,60,70.0,505,9,8,1,41.92624206529005,0,0,56.111111111111114,0.125,0.3,6.226536669287466,0
488,32,Virtual,Técnico,2,30,36.0,344,20,7,3,78.38893672280963,1,0,17.2,0.42857142857142855,0.6666666666666666,5.84354441703136,0
489,22,Virtual,Bachillerato,0,90,36.0,955,13,4,2,76.7180814404977,0,0,73.46153846153847,0.5,0.43333333333333335,6.862757913051401,0
490,34,Semipresencial,Bachillerato,0,60,37.0,148,6,5,1,56.0643159130067,0,0,24.666666666666668,0.2,0.2,5.003946305945459,0
491,38,Virtual,Bachillerato,0,60,37.0,479,16,4,3,85.55914066226649,0,0,29.9375,0.75,0.5333333333333333,6.173786103901937,0
492,32,Semipresencial,Técnico,1,30,-20.0,296,5,4,1,64.73630883457602,1,1,59.2,0.25,0.16666666666666666,5.6937321388027,0
493,27,Virtual,Universitario,0,60,31.0,434,6,8,3,92.34339754076598,0,1,72.33333333333333,0.375,0.2,6.075346031088684,0
494,33,Virtual,Bachillerato,0,90,5.0,390,11,7,4,82.08364254634913,1,0,35.45454545454545,0.5714285714285714,0.36666666666666664,5.968707559985366,0
495,27,Virtual,Bachillerato,1,60,71.0,175,5,8,2,,0,1,35.0,0.25,0.16666666666666666,5.170483995038151,1
496,36,Virtual,Bachillerato,0,30,70.0,485,16,5,2,73.32232196795847,0,1,30.3125,0.4,0.5333333333333333,6.186208623900494,0
497,18,Virtual,Bachillerato,0,30,54.0,364,11,8,2,,0,1,33.09090909090909,0.25,0.36666666666666664,5.8998973535824915,1
498,26,Virtual,Universitario,0,30,30.0,654,7,8,3,47.5080781995095,0,1,93.42857142857143,0.375,0.23333333333333334,6.484635235635252,0
499,18,Virtual,Bachillerato,0,60,13.0,584,14,4,2,52.85117832238201,0,0,41.714285714285715,0.5,0.4666666666666667,6.371611847231857,0
500,18,Virtual,Bachillerato,0,120,21.0,230,6,8,2,61.63639275583108,0,0,38.333333333333336,0.25,0.2,5.442417710521793,0
501,40,Virtual,Bachillerato,0,120,78.0,672,13,4,4,100.0,0,0,51.69230769230769,1.0,0.43333333333333335,6.511745329644728,0
502,36,Semipresencial,Universitario,0,90,,148,4,6,3,37.30461278185665,0,0,37.0,0.5,0.13333333333333333,5.003946305945459,0
503,23,Virtual,Bachillerato,1,30,,75,1,4,0,,1,0,75.0,0.0,0.03333333333333333,4.330733340286331,1
504,18,Virtual,Técnico,0,120,58.0,630,15,6,5,84.75078956300702,0,0,42.0,0.8333333333333334,0.5,6.447305862541213,0
505,18,Virtual,Bachillerato,0,60,68.0,595,20,4,2,85.92989826211988,0,1,29.75,0.5,0.6666666666666666,6.39024066706535,0
506,25,Virtual,Bachillerato,1,60,72.0,291,13,8,2,65.79482649584634,0,1,22.384615384615383,0.25,0.43333333333333335,5.676753802268282,0
507,48,Virtual,Técnico,1,60,58.0,33,4,6,3,43.501337741595954,1,1,8.25,0.5,0.13333333333333333,3.5263605246161616,0
508,32,Virtual,Bachillerato,0,30,61.0,409,8,8,2,47.93931310133111,0,1,51.125,0.25,0.26666666666666666,6.016157159698354,0
509,25,Semipresencial,Técnico,0,90,36.0,156,9,6,2,54.93519060222277,1,0,17.333333333333332,0.3333333333333333,0.3,5.056245805348308,0
510,33,Virtual,Bachillerato,0,120,-11.0,545,8,6,0,,0,0,68.125,0.0,0.26666666666666666,6.302618975744905,1
511,18,Virtual,Técnico,0,60,36.0,243,10,7,3,73.28146906989679,1,0,24.3,0.42857142857142855,0.3333333333333333,5.497168225293202,0
512,27,Virtual,Técnico,0,90,49.0,511,25,8,7,86.55130381574088,0,0,20.44,0.875,0.8333333333333334,6.238324625039508,0
513,30,Virtual,Técnico,0,60,32.0,1560,19,5,3,81.98456683161953,0,0,82.10526315789474,0.6,0.6333333333333333,7.353081920515432,0
514,28,Virtual,Bachillerato,0,30,31.0,724,14,6,1,48.337254460134105,0,0,51.714285714285715,0.16666666666666666,0.4666666666666667,6.586171654854675,0
515,35,Virtual,Técnico,0,90,14.0,429,12,5,2,93.39566440736824,0,0,35.75,0.4,0.4,6.063785208687608,0
516,32,Virtual,Universitario,0,60,13.0,1293,16,4,2,81.6922888078845,0,0,80.8125,0.5,0.5333333333333333,7.165493475060845,0
517,34,Virtual,Bachillerato,1,90,75.0,85,4,8,1,60.384123717313116,1,1,21.25,0.125,0.13333333333333333,4.454347296253507,0
518,23,Semipresencial,Bachillerato,1,30,76.0,332,12,6,3,86.12173241262481,0,0,27.666666666666668,0.5,0.4,5.808142489980444,0
519,36,Virtual,Técnico,1,30,35.0,645,18,5,3,88.8949183186168,0,0,35.833333333333336,0.6,0.6,6.470799503782602,0
520,42,Virtual,Bachillerato,0,60,41.0,553,10,7,4,74.59260145014433,0,1,55.3,0.5714285714285714,0.3333333333333333,6.317164686747284,0
521,21,Virtual,Técnico,1,60,13.0,105,3,8,2,52.93042041718153,0,0,35.0,0.25,0.1,4.663439094112067,0
522,22,Virtual,Técnico,0,90,49.0,169,11,8,5,92.25941298214394,0,0,15.363636363636363,0.625,0.36666666666666664,5.135798437050262,0
523,40,Virtual,Bachillerato,1,120,74.0,275,14,6,4,77.35175672077719,0,0,19.642857142857142,0.6666666666666666,0.4666666666666667,5.62040086571715,0
524,27,Virtual,Técnico,0,30,1.0,187,10,4,1,53.01178658587584,0,0,18.7,0.25,0.3333333333333333,5.236441962829949,0
525,40,Semipresencial,Técnico,0,60,45.0,575,20,6,5,100.0,0,0,28.75,0.8333333333333334,0.6666666666666666,6.3561076606958915,0
526,25,Virtual,Bachillerato,0,30,47.0,81,5,6,0,,0,1,16.2,0.0,0.16666666666666666,4.406719247264253,1
527,41,Virtual,Universitario,0,30,47.0,185,13,5,3,56.13353909935968,0,0,14.23076923076923,0.6,0.43333333333333335,5.225746673713202,0
528,30,Semipresencial,Bachillerato,0,60,71.0,516,21,6,5,100.0,1,0,24.571428571428573,0.8333333333333334,0.7,6.248042874508429,0
529,31,Semipresencial,Bachillerato,0,60,,272,11,6,4,69.60837664562118,0,1,24.727272727272727,0.6666666666666666,0.36666666666666664,5.60947179518496,0
530,42,Virtual,Universitario,0,60,30.0,750,16,8,2,70.52116020996009,0,0,46.875,0.25,0.5333333333333333,6.621405651764134,0
531,26,Virtual,Bachillerato,0,60,50.0,843,16,4,3,100.0,0,0,52.6875,0.75,0.5333333333333333,6.738152494595957,0
532,21,Virtual,Técnico,0,60,37.0,76,5,7,1,38.68041396611295,0,1,15.2,0.14285714285714285,0.16666666666666666,4.343805421853684,0
533,25,Semipresencial,Bachillerato,0,90,21.0,73,11,7,4,74.27330122999057,0,1,6.636363636363637,0.5714285714285714,0.36666666666666664,4.304065093204169,0
534,33,Virtual,Bachillerato,0,30,41.0,316,13,5,2,87.15091067638232,0,0,24.307692307692307,0.4,0.43333333333333335,5.75890177387728,0
535,18,Semipresencial,Bachillerato,0,60,50.0,1168,15,5,3,86.23263708077697,0,0,77.86666666666666,0.6,0.5,7.063903961472068,0
536,34,Virtual,Técnico,2,60,40.0,1233,24,8,6,80.54214951864824,1,0,51.375,0.75,0.8,7.1180162044653335,0
537,25,Semipresencial,Técnico,0,60,16.0,615,16,5,2,99.67255452389125,0,0,38.4375,0.4,0.5333333333333333,6.423246963533519,0
538,38,Virtual,Universitario,2,90,25.0,272,9,7,2,55.66333354911854,1,1,30.22222222222222,0.2857142857142857,0.3,5.60947179518496,0
539,18,Virtual,Universitario,0,30,25.0,592,11,6,1,64.14582767567572,0,1,53.81818181818182,0.16666666666666666,0.36666666666666664,6.385194398997726,0
540,23,Virtual,Técnico,0,60,16.0,125,8,8,0,,0,1,15.625,0.0,0.26666666666666666,4.836281906951478,1
541,18,Virtual,Técnico,0,90,42.0,919,17,7,3,84.40607714235355,0,0,54.05882352941177,0.42857142857142855,0.5666666666666667,6.824373670043086,0
542,22,Virtual,Bachillerato,1,60,44.0,704,17,8,7,100.0,0,0,41.411764705882355,0.875,0.5666666666666667,6.558197802812269,0
543,31,Virtual,Universitario,0,60,57.0,429,9,8,5,64.90552603820484,0,1,47.666666666666664,0.625,0.3,6.063785208687608,0
544,28,Virtual,Técnico,0,120,16.0,185,6,4,1,74.53809738625132,0,1,30.833333333333332,0.25,0.2,5.225746673713202,0
545,27,Virtual,Universitario,1,30,22.0,231,16,8,6,83.33510509168764,1,0,14.4375,0.75,0.5333333333333333,5.44673737166631,0
546,28,Semipresencial,Bachillerato,1,60,69.0,210,13,8,5,65.95065302667868,0,0,16.153846153846153,0.625,0.43333333333333335,5.351858133476067,0
547,31,Semipresencial,Bachillerato,0,90,31.0,1009,22,4,2,80.76333092127555,0,0,45.86363636363637,0.5,0.7333333333333333,6.917705609835305,0
548,21,Virtual,Técnico,0,30,36.0,1137,27,6,4,89.46628879121613,0,0,42.111111111111114,0.6666666666666666,0.9,7.037027614686276,0
549,35,Virtual,Bachillerato,0,60,31.0,486,20,5,3,100.0,0,0,24.3,0.6,0.6666666666666666,6.18826412308259,0
550,34,Virtual,Bachillerato,1,60,60.0,433,15,8,2,66.32554846753843,0,1,28.866666666666667,0.25,0.5,6.073044534100405,0
551,32,Semipresencial,Universitario,0,90,61.0,1117,18,5,3,70.33034246739065,0,1,62.05555555555556,0.6,0.6,7.0192966537150445,0
552,33,Virtual,Bachillerato,0,90,59.0,687,21,4,3,74.91286865759365,0,0,32.714285714285715,0.75,0.7,6.5337888379333435,0
553,31,Virtual,Bachillerato,0,90,36.0,492,25,4,3,88.68123059050461,0,0,19.68,0.75,0.8333333333333334,6.20050917404269,0
554,45,Semipresencial,Bachillerato,0,30,16.0,764,12,7,3,53.729325516599445,0,0,63.666666666666664,0.42857142857142855,0.4,6.639875833826536,0
555,28,Semipresencial,Bachillerato,1,60,77.0,1075,17,4,3,73.26572894217276,1,0,63.23529411764706,0.75,0.5666666666666667,6.98100574072173,0
556,27,Virtual,Técnico,0,90,54.0,160,4,5,1,53.86970378402698,0,1,40.0,0.2,0.13333333333333333,5.081404364984463,0
557,23,Virtual,Universitario,0,60,25.0,459,14,6,5,81.30404241969417,0,0,32.785714285714285,0.8333333333333334,0.4666666666666667,6.131226489483141,0
558,21,Virtual,Universitario,0,60,66.0,1324,26,4,4,100.0,0,0,50.92307692307692,1.0,0.8666666666666667,7.1891677384203225,0
559,19,Semipresencial,Técnico,0,30,23.0,1324,29,4,4,92.09606859113336,0,0,45.6551724137931,1.0,0.9666666666666667,7.1891677384203225,0
560,22,Virtual,Técnico,0,90,66.0,140,12,8,5,47.71022506435659,0,1,11.666666666666666,0.625,0.4,4.948759890378168,0
561,28,Virtual,Bachillerato,0,30,68.0,1087,16,6,3,54.57072508802164,0,0,67.9375,0.5,0.5333333333333333,6.992096427415888,0
562,32,Virtual,Universitario,1,30,15.0,165,12,5,3,73.18618237398569,0,0,13.75,0.6,0.4,5.111987788356544,0
563,29,Virtual,Bachillerato,1,90,48.0,304,7,8,5,64.55836075991891,1,0,43.42857142857143,0.625,0.23333333333333334,5.720311776607412,0
564,23,Virtual,Bachillerato,0,90,52.0,175,9,4,0,,0,1,19.444444444444443,0.0,0.3,5.170483995038151,1
565,36,Virtual,Universitario,1,120,93.0,136,3,5,1,76.75141594907231,0,1,45.333333333333336,0.2,0.1,4.919980925828125,0
566,35,Semipresencial,Universitario,0,60,19.0,166,7,8,2,70.29500145663626,1,0,23.714285714285715,0.25,0.23333333333333334,5.117993812416755,0
567,28,Semipresencial,Bachillerato,0,30,67.0,423,20,7,4,79.01315979256665,0,0,21.15,0.5714285714285714,0.6666666666666666,6.049733455231958,0
568,24,Virtual,Técnico,1,60,35.0,534,10,6,2,64.96623357665709,0,1,53.4,0.3333333333333333,0.3333333333333333,6.282266746896006,0
569,33,Semipresencial,Bachillerato,0,30,8.0,143,8,8,1,52.96830786791619,0,1,17.875,0.125,0.26666666666666666,4.969813299576001,0
570,31,Virtual,,0,90,32.0,523,23,6,5,76.27088373032372,0,0,22.73913043478261,0.8333333333333334,0.7666666666666667,6.261491684321042,0
571,18,Virtual,Bachillerato,0,60,35.0,339,21,7,4,92.63292915097551,0,0,16.142857142857142,0.5714285714285714,0.7,5.8289456176102075,0
572,28,Virtual,Bachillerato,0,60,12.0,296,8,8,1,66.36596097330718,0,1,37.0,0.125,0.26666666666666666,5.6937321388027,0
573,31,Semipresencial,Bachillerato,0,30,42.0,305,18,6,4,58.50532793646919,0,0,16.944444444444443,0.6666666666666666,0.6,5.723585101952381,0
574,22,Semipresencial,Bachillerato,0,60,56.0,463,11,6,4,81.10052335872238,0,0,42.09090909090909,0.6666666666666666,0.36666666666666664,6.139884552226255,0
575,31,Semipresencial,Bachillerato,1,90,40.0,1354,22,7,7,98.14198670693074,0,0,61.54545454545455,1.0,0.7333333333333333,7.2115567333138015,0
576,18,Semipresencial,Bachillerato,0,60,23.0,157,14,4,2,69.8392252537287,1,0,11.214285714285714,0.5,0.4666666666666667,5.062595033026967,0
577,40,Semipresencial,Universitario,1,30,32.0,524,23,6,4,100.0,1,0,22.782608695652176,0.6666666666666666,0.7666666666666667,6.263398262591624,0
578,39,Virtual,Técnico,1,30,35.0,273,17,7,4,98.92922170939904,0,0,16.058823529411764,0.5714285714285714,0.5666666666666667,5.6131281063880705,0
579,27,Semipresencial,Universitario,0,60,40.0,234,19,5,5,90.91990441702957,0,0,12.31578947368421,1.0,0.6333333333333333,5.459585514144159,0
580,32,Virtual,Bachillerato,0,30,59.0,772,20,7,6,87.89759804549944,0,0,38.6,0.8571428571428571,0.6666666666666666,6.650279048587422,0
581,18,Virtual,Técnico,0,90,41.0,113,4,6,4,70.45008815642299,0,1,28.25,0.6666666666666666,0.13333333333333333,4.736198448394496,0
582,20,Virtual,Universitario,0,60,4.0,625,9,4,2,63.61401152343245,0,0,69.44444444444444,0.5,0.3,6.439350371100098,0
583,27,Virtual,Bachillerato,0,30,23.0,917,18,4,3,74.35087384927465,0,0,50.94444444444444,0.75,0.6,6.822197390620491,0
584,20,Virtual,Bachillerato,0,90,39.0,769,21,6,3,83.6322853403031,0,0,36.61904761904762,0.5,0.7,6.646390514847729,0
585,35,Virtual,Bachillerato,0,60,60.0,812,22,4,4,,0,0,36.90909090909091,1.0,0.7333333333333333,6.70073110954781,1
586,45,Virtual,Bachillerato,0,30,64.0,118,3,5,0,,1,1,39.333333333333336,0.0,0.1,4.77912349311153,1
587,20,Virtual,Bachillerato,1,60,74.0,446,11,6,1,65.85345727221699,0,1,40.54545454545455,0.16666666666666666,0.36666666666666664,6.102558594613569,0
588,22,Semipresencial,Bachillerato,1,30,38.0,17,7,4,2,37.964656984376305,1,1,2.4285714285714284,0.5,0.23333333333333334,2.8903717578961645,0
589,31,Virtual,,0,60,52.0,98,3,6,1,32.608739532625805,0,0,32.666666666666664,0.16666666666666666,0.1,4.59511985013459,0
590,42,Virtual,Técnico,0,90,3.0,674,16,5,2,83.76995967794288,1,0,42.125,0.4,0.5333333333333333,6.51471269087253,0
591,19,Virtual,Bachillerato,0,90,44.0,207,5,5,1,76.78248137514585,0,1,41.4,0.2,0.16666666666666666,5.337538079701318,0
592,31,Virtual,Bachillerato,0,60,11.0,314,15,8,3,76.14481548827332,0,0,20.933333333333334,0.375,0.5,5.752572638825633,0
593,44,Virtual,Técnico,1,60,34.0,313,8,8,3,58.983036219396915,0,0,39.125,0.375,0.26666666666666666,5.749392985908253,0
594,18,Semipresencial,Bachillerato,1,30,100.0,350,17,5,3,92.3776121127519,0,0,20.58823529411765,0.6,0.5666666666666667,5.860786223465865,0
595,19,Virtual,Bachillerato,0,60,42.0,471,18,8,6,94.44312526254694,0,0,26.166666666666668,0.75,0.6,6.156978985585555,0
596,26,Virtual,Bachillerato,0,30,16.0,601,12,5,3,90.04934336880032,0,0,50.083333333333336,0.6,0.4,6.400257445308821,0
597,25,Semipresencial,Bachillerato,1,60,44.0,488,8,5,1,33.72117071286127,0,1,61.0,0.2,0.26666666666666666,6.192362489474872,0
598,36,Virtual,Bachillerato,0,30,24.0,821,22,8,7,96.47007894438059,0,0,37.31818181818182,0.875,0.7333333333333333,6.71174039505618,0
599,31,Semipresencial,Bachillerato,0,90,14.0,156,6,4,2,90.5948537656003,0,1,26.0,0.5,0.2,5.056245805348308,0
600,18,Virtual,Bachillerato,0,90,81.0,208,6,5,2,,0,0,34.666666666666664,0.4,0.2,5.342334251964811,1
601,33,Semipresencial,Universitario,2,60,58.0,315,9,8,3,71.5789367794719,0,0,35.0,0.375,0.3,5.755742213586912,0
602,24,Semipresencial,Universitario,2,60,43.0,59,4,8,1,48.38647492606396,0,1,14.75,0.125,0.13333333333333333,4.0943445622221,0
603,39,Semipresencial,Bachillerato,0,30,26.0,360,5,8,2,60.52290146751788,0,1,72.0,0.25,0.16666666666666666,5.8888779583328805,0
604,24,Virtual,Bachillerato,0,60,28.0,475,19,8,5,98.03033050848583,0,0,25.0,0.625,0.6333333333333333,6.16541785423142,0
605,24,Semipresencial,Bachillerato,0,30,69.0,789,23,8,6,80.11253981791708,0,0,34.30434782608695,0.75,0.7666666666666667,6.672032945461067,0
606,33,Semipresencial,Universitario,0,30,42.0,106,15,6,4,71.3716639142159,0,1,7.066666666666666,0.6666666666666666,0.5,4.672828834461906,0
607,35,Virtual,Técnico,0,60,-20.0,638,11,5,2,62.51143170274331,0,1,58.0,0.4,0.36666666666666664,6.459904454377535,0
608,33,Semipresencial,Bachillerato,2,60,88.0,583,9,5,0,,0,1,64.77777777777777,0.0,0.3,6.369900982828227,1
609,18,Semipresencial,Bachillerato,1,60,39.0,299,18,4,2,53.57893306398311,0,1,16.61111111111111,0.5,0.6,5.703782474656201,0
610,33,Virtual,Bachillerato,0,60,43.0,47,2,4,3,85.37270716455609,0,0,23.5,0.75,0.06666666666666667,3.8712010109078907,0
611,21,Semipresencial,Universitario,0,30,59.0,473,10,8,2,60.029037367133675,0,1,47.3,0.25,0.3333333333333333,6.161207321695077,0
612,31,Virtual,Universitario,0,30,45.0,776,9,4,2,81.19427112133091,0,1,86.22222222222223,0.5,0.3,6.655440350367647,0
613,18,Virtual,Bachillerato,0,60,51.0,161,12,7,1,33.59973231024393,0,1,13.416666666666666,0.14285714285714285,0.4,5.087596335232384,0
614,33,Virtual,Técnico,0,60,26.0,478,17,5,3,89.44027631781938,0,0,28.11764705882353,0.6,0.5666666666666667,6.171700597410915,0
615,23,Virtual,Bachillerato,0,30,8.0,281,6,7,3,82.62845361315183,1,0,46.833333333333336,0.42857142857142855,0.2,5.641907070938114,0
616,19,Semipresencial,Técnico,0,60,41.0,921,25,6,5,97.67924067468742,0,0,36.84,0.8333333333333334,0.8333333333333334,6.826545223556594,0
617,35,Virtual,Universitario,1,60,66.0,343,8,4,0,,0,1,42.875,0.0,0.26666666666666666,5.840641657373398,1
618,31,Virtual,Bachillerato,0,60,21.0,655,10,5,2,78.0824395920422,0,0,65.5,0.4,0.3333333333333333,6.486160788944089,0
619,24,Virtual,Bachillerato,0,90,19.0,1019,19,7,6,100.0,0,0,53.63157894736842,0.8571428571428571,0.6333333333333333,6.927557906278317,0
620,41,Virtual,Técnico,0,60,62.0,309,10,8,3,73.02511881412099,0,0,30.9,0.375,0.3333333333333333,5.736572297479192,0
621,25,Semipresencial,Bachillerato,0,60,25.0,290,18,5,3,,0,1,16.11111111111111,0.6,0.6,5.673323267171493,1
622,29,Semipresencial,Técnico,0,60,26.0,684,13,5,3,96.83330248999552,0,0,52.61538461538461,0.6,0.43333333333333335,6.529418838262226,0
623,31,Virtual,Bachillerato,0,30,27.0,87,3,7,2,68.64102668490419,1,1,29.0,0.2857142857142857,0.1,4.477336814478207,0
624,24,Virtual,Universitario,0,30,34.0,484,15,6,3,64.64689040735401,0,0,32.266666666666666,0.5,0.5,6.184148890937483,0
625,33,Virtual,Bachillerato,0,30,0.0,230,4,4,2,83.3997028228911,1,0,57.5,0.5,0.13333333333333333,5.442417710521793,0
626,25,Virtual,Bachillerato,0,90,23.0,1194,22,4,4,95.61534452192585,1,0,54.27272727272727,1.0,0.7333333333333333,7.085901464365611,0
627,26,Virtual,Bachillerato,0,30,40.0,1064,22,5,3,82.29939610323338,0,0,48.36363636363637,0.6,0.7333333333333333,6.970730078143525,0
628,40,Virtual,Bachillerato,0,60,40.0,723,9,5,0,,0,0,80.33333333333333,0.0,0.3,6.584791392385716,1
629,21,Virtual,Bachillerato,0,60,60.0,713,22,4,4,100.0,0,0,32.40909090909091,1.0,0.7333333333333333,6.570882962339584,0
630,18,Virtual,Técnico,0,60,75.0,150,6,7,1,76.71480632044626,1,1,25.0,0.14285714285714285,0.2,5.017279836814924,0
631,42,Virtual,Bachillerato,0,90,68.0,182,8,6,3,,0,0,22.75,0.5,0.26666666666666666,5.209486152841421,1
632,49,Virtual,Bachillerato,0,60,55.0,328,12,7,1,79.80371674992125,0,0,27.333333333333332,0.14285714285714285,0.4,5.796057750765372,0
633,26,Semipresencial,Bachillerato,0,30,32.0,169,7,4,3,81.32505975324693,0,0,24.142857142857142,0.75,0.23333333333333334,5.135798437050262,0
634,18,Semipresencial,Bachillerato,0,60,21.0,153,4,6,2,78.69268199134237,0,1,38.25,0.3333333333333333,0.13333333333333333,5.0369526024136295,0
635,27,Virtual,Universitario,0,60,35.0,664,15,6,2,70.2978635250761,0,0,44.266666666666666,0.3333333333333333,0.5,6.499787040655854,0
636,27,Semipresencial,Universitario,0,60,48.0,326,16,6,5,81.55758278917818,0,0,20.375,0.8333333333333334,0.5333333333333333,5.7899601708972535,0
637,27,Semipresencial,Bachillerato,0,60,53.0,1093,21,8,6,100.0,0,0,52.04761904761905,0.75,0.7,6.9975959829819265,0
638,20,Virtual,Técnico,3,60,49.0,764,14,6,2,51.31204908130192,1,0,54.57142857142857,0.3333333333333333,0.4666666666666667,6.639875833826536,0
639,34,Virtual,Técnico,0,30,32.0,123,16,6,4,73.27562439530757,0,0,7.6875,0.6666666666666666,0.5333333333333333,4.820281565605037,0
640,33,Virtual,Universitario,0,120,52.0,1150,24,8,6,73.62751645346813,0,1,47.916666666666664,0.75,0.8,7.048386408721883,0
641,18,Semipresencial,,0,60,63.0,784,7,5,3,88.85721023042832,0,0,112.0,0.6,0.23333333333333334,6.665683717782408,0
642,35,Virtual,Bachillerato,0,60,54.0,1145,18,5,3,97.7413675931999,0,0,63.611111111111114,0.6,0.6,7.044032897274685,0
643,45,Virtual,Bachillerato,0,30,34.0,622,17,4,1,70.32755809624112,0,0,36.588235294117645,0.25,0.5666666666666667,6.434546518787453,0
644,30,Virtual,Universitario,0,30,17.0,291,11,7,1,46.67209379611499,0,1,26.454545454545453,0.14285714285714285,0.36666666666666664,5.676753802268282,0
645,26,Virtual,Técnico,0,60,16.0,328,16,4,2,74.7186545711809,0,0,20.5,0.5,0.5333333333333333,5.796057750765372,0
646,28,Semipresencial,Bachillerato,0,60,20.0,388,11,5,3,72.21856778790274,0,1,35.27272727272727,0.6,0.36666666666666664,5.963579343618446,0
647,34,Virtual,Bachillerato,0,60,41.0,500,20,6,4,70.96771016832533,0,0,25.0,0.6666666666666666,0.6666666666666666,6.2166061010848646,0
648,18,Semipresencial,Técnico,1,60,46.0,332,27,6,5,84.64996790843361,0,0,12.296296296296296,0.8333333333333334,0.9,5.808142489980444,0
649,30,Semipresencial,Universitario,0,30,4.0,225,15,4,2,80.31882781556443,0,0,15.0,0.5,0.5,5.420534999272286,0
650,26,Semipresencial,Bachillerato,1,60,24.0,707,18,6,2,59.30464074046438,0,1,39.27777777777778,0.3333333333333333,0.6,6.56244409369372,0
651,44,Virtual,Técnico,0,90,40.0,20,5,8,1,58.00080659781308,0,1,4.0,0.125,0.16666666666666666,3.044522437723423,0
652,28,Semipresencial,Bachillerato,0,60,15.0,168,17,4,4,73.03413360310398,0,0,9.882352941176471,1.0,0.5666666666666667,5.1298987149230735,0
653,42,Virtual,Bachillerato,0,60,45.0,334,6,6,0,,1,1,55.666666666666664,0.0,0.2,5.814130531825066,1
654,20,Virtual,Bachillerato,0,90,28.0,156,8,6,1,53.03639439100759,0,1,19.5,0.16666666666666666,0.26666666666666666,5.056245805348308,0
655,34,Semipresencial,Técnico,1,30,19.0,629,16,5,2,78.44298660768814,0,0,39.3125,0.4,0.5333333333333333,6.4457198193855785,0
656,32,Virtual,Universitario,2,60,36.0,384,10,6,1,55.09755359057305,1,1,38.4,0.16666666666666666,0.3333333333333333,5.953243334287785,0
657,22,Virtual,Bachillerato,1,120,44.0,190,7,5,1,60.27997741064203,0,1,27.142857142857142,0.2,0.23333333333333334,5.25227342804663,0
658,30,Virtual,Bachillerato,0,60,16.0,1888,28,4,2,67.8161872782788,0,0,67.42857142857143,0.5,0.9333333333333333,7.543802867501509,0
659,39,Semipresencial,Bachillerato,1,30,30.0,545,12,8,5,65.22329218975948,0,0,45.416666666666664,0.625,0.4,6.302618975744905,0
660,26,Virtual,Bachillerato,1,120,45.0,476,12,8,3,55.99575903149814,0,0,39.666666666666664,0.375,0.4,6.1675164908883415,0
661,18,Virtual,Bachillerato,0,30,18.0,149,9,5,2,67.45416911248931,0,0,16.555555555555557,0.4,0.3,5.0106352940962555,0
662,29,Semipresencial,,0,60,-1.0,511,12,4,3,98.01386696605235,0,0,42.583333333333336,0.75,0.4,6.238324625039508,0
663,22,Virtual,Bachillerato,0,30,1.0,605,12,4,2,77.79905807845643,0,1,50.416666666666664,0.5,0.4,6.406879986069314,0
664,26,Virtual,Bachillerato,1,60,26.0,314,10,8,2,48.19591553461151,0,0,31.4,0.25,0.3333333333333333,5.752572638825633,0
665,28,Virtual,Bachillerato,0,60,6.0,444,15,8,8,94.29800770313683,0,0,29.6,1.0,0.5,6.09807428216624,0
666,18,Semipresencial,Técnico,0,60,27.0,1047,22,6,4,83.46572731501145,0,0,47.59090909090909,0.6666666666666666,0.7333333333333333,6.954638864880987,0
667,18,Virtual,Bachillerato,0,90,72.0,311,9,8,3,61.98961878921503,0,1,34.55555555555556,0.375,0.3,5.7430031878094825,0
668,33,Virtual,Técnico,0,60,5.0,259,11,5,1,60.46500169016351,0,1,23.545454545454547,0.2,0.36666666666666664,5.560681631015528,0
669,25,Virtual,Universitario,0,60,29.0,119,7,6,3,79.01454305607496,0,0,17.0,0.5,0.23333333333333334,4.787491742782046,0
670,18,Semipresencial,Técnico,1,90,82.0,327,11,4,2,60.41088297821075,0,1,29.727272727272727,0.5,0.36666666666666664,5.793013608384144,0
671,35,Virtual,Bachillerato,1,90,44.0,270,20,6,4,76.18264128934123,0,0,13.5,0.6666666666666666,0.6666666666666666,5.602118820879701,0
672,31,Virtual,Bachillerato,1,30,27.0,205,4,7,1,63.4140210632852,1,1,51.25,0.14285714285714285,0.13333333333333333,5.327876168789581,0
673,23,Semipresencial,Técnico,0,30,32.0,200,5,8,1,60.127553280272,0,1,40.0,0.125,0.16666666666666666,5.303304908059076,0
674,18,Virtual,Bachillerato,0,60,44.0,1052,20,7,5,100.0,0,0,52.6,0.7142857142857143,0.6666666666666666,6.959398512133975,0
675,36,Virtual,Bachillerato,1,90,72.0,0,0,7,0,,0,1,0.0,0.0,0.0,0.0,1
676,32,Virtual,Bachillerato,0,60,23.0,628,14,7,6,70.94493512916398,0,1,44.857142857142854,0.8571428571428571,0.4666666666666667,6.444131256700441,0
677,48,Semipresencial,Bachillerato,0,30,18.0,559,28,7,6,98.43100202275339,0,0,19.964285714285715,0.8571428571428571,0.9333333333333333,6.327936783729195,0
678,32,Virtual,,0,60,5.0,356,12,6,4,72.83785380271108,1,0,29.666666666666668,0.6666666666666666,0.4,5.877735781779639,0
679,32,Virtual,Técnico,1,60,37.0,303,9,6,2,47.23203785044254,0,1,33.666666666666664,0.3333333333333333,0.3,5.717027701406222,0
680,28,Virtual,Bachillerato,0,60,4.0,528,16,4,1,55.82967939081408,0,1,33.0,0.25,0.5333333333333333,6.270988431858299,0
681,36,Semipresencial,Bachillerato,0,90,25.0,219,4,4,1,55.09077980932603,0,0,54.75,0.25,0.13333333333333333,5.393627546352361,0
682,34,Semipresencial,Técnico,0,90,15.0,101,8,7,2,58.72289463510032,1,0,12.625,0.2857142857142857,0.26666666666666666,4.624972813284271,0
683,39,Virtual,Bachillerato,1,60,59.0,97,11,6,2,55.434002407894326,0,0,8.818181818181818,0.3333333333333333,0.36666666666666664,4.584967478670572,0
684,25,Virtual,Técnico,1,60,24.0,243,13,8,3,,0,1,18.692307692307693,0.375,0.43333333333333335,5.497168225293202,1
685,26,Semipresencial,Bachillerato,1,60,44.0,29,5,4,1,85.60975437467172,0,1,5.8,0.25,0.16666666666666666,3.4011973816621555,0
686,25,Virtual,Bachillerato,1,60,-0.0,141,11,5,4,59.74737685984095,0,0,12.818181818181818,0.8,0.36666666666666664,4.955827057601261,0
687,35,Virtual,Universitario,0,60,38.0,1077,27,5,5,100.0,0,0,39.888888888888886,1.0,0.9,6.982862751468942,0
688,41,Virtual,Bachillerato,1,60,9.0,285,9,8,2,58.22950823986495,0,1,31.666666666666668,0.25,0.3,5.655991810819852,0
689,25,Virtual,Bachillerato,0,60,26.0,511,26,5,5,94.04545383411306,0,0,19.653846153846153,1.0,0.8666666666666667,6.238324625039508,0
690,26,Virtual,Universitario,0,60,84.0,547,20,7,3,,0,0,27.35,0.42857142857142855,0.6666666666666666,6.306275286948016,1
691,32,Virtual,Técnico,0,30,56.0,112,9,4,0,,0,1,12.444444444444445,0.0,0.3,4.727387818712341,1
692,27,Virtual,Técnico,1,60,32.0,665,21,6,2,50.92505669875491,1,0,31.666666666666668,0.3333333333333333,0.7,6.501289670540389,0
693,37,Virtual,Bachillerato,0,60,100.0,215,14,6,5,96.30139351972193,0,1,15.357142857142858,0.8333333333333334,0.4666666666666667,5.375278407684165,0
694,18,Virtual,Bachillerato,0,60,15.0,615,10,7,4,95.11025614221077,0,0,61.5,0.5714285714285714,0.3333333333333333,6.423246963533519,0
695,22,Virtual,Técnico,0,60,61.0,500,11,6,2,50.32302150354839,0,0,45.45454545454545,0.3333333333333333,0.36666666666666664,6.2166061010848646,0
696,23,Virtual,Bachillerato,0,30,1.0,138,3,4,0,,0,0,46.0,0.0,0.1,4.9344739331306915,1
697,18,Semipresencial,Bachillerato,0,120,30.0,332,10,4,1,62.30527237696561,0,0,33.2,0.25,0.3333333333333333,5.808142489980444,0
698,21,Virtual,Técnico,0,90,5.0,135,2,4,0,,0,1,67.5,0.0,0.06666666666666667,4.912654885736052,1
699,22,Semipresencial,Bachillerato,0,60,41.0,923,30,5,5,87.04219774062949,0,0,30.766666666666666,1.0,1.0,6.828712071641684,0
700,27,Virtual,Bachillerato,0,60,36.0,331,20,7,6,92.71014828309106,0,0,16.55,0.8571428571428571,0.6666666666666666,5.805134968916488,0
701,38,Semipresencial,Bachillerato,0,60,28.0,646,16,5,3,83.41419894759554,0,0,40.375,0.6,0.5333333333333333,6.472346294500901,0
702,27,Virtual,Bachillerato,1,60,59.0,1312,25,8,6,67.28170493281198,1,0,52.48,0.75,0.8333333333333334,7.180069874302796,0
703,21,Virtual,Técnico,0,120,23.0,218,12,4,1,63.48046112384366,0,0,18.166666666666668,0.25,0.4,5.389071729816501,0
704,29,Virtual,Universitario,1,30,42.0,223,14,6,3,80.58267152417747,1,0,15.928571428571429,0.5,0.4666666666666667,5.4116460518550396,0
705,37,Virtual,Bachillerato,0,30,53.0,287,2,7,2,70.94004909017453,0,1,143.5,0.2857142857142857,0.06666666666666667,5.662960480135946,0
706,21,Virtual,Bachillerato,1,60,2.0,805,14,4,4,84.74596839281072,1,0,57.5,1.0,0.4666666666666667,6.692083742506628,0
707,22,Semipresencial,Bachillerato,1,30,19.0,315,9,6,2,66.87829200934556,1,0,35.0,0.3333333333333333,0.3,5.755742213586912,0
708,33,Semipresencial,Bachillerato,2,60,36.0,182,23,4,3,95.01922463757154,0,0,7.913043478260869,0.75,0.7666666666666667,5.209486152841421,0
709,27,Virtual,Bachillerato,1,90,49.0,409,11,7,5,,0,0,37.18181818181818,0.7142857142857143,0.36666666666666664,6.016157159698354,1
710,34,Semipresencial,Universitario,0,30,66.0,929,9,6,5,94.31391325061615,0,0,103.22222222222223,0.8333333333333334,0.3,6.835184586147301,0
711,29,Semipresencial,Bachillerato,0,60,30.0,645,14,8,2,,0,1,46.07142857142857,0.25,0.4666666666666667,6.470799503782602,1
712,35,Semipresencial,Bachillerato,0,60,28.0,1149,27,7,6,93.28721572691757,0,0,42.55555555555556,0.8571428571428571,0.9,7.047517221357296,0
713,21,Virtual,Universitario,0,90,16.0,535,17,5,3,82.41536288505901,0,0,31.470588235294116,0.6,0.5666666666666667,6.284134161070802,0
714,29,Virtual,Bachillerato,0,60,42.0,1166,28,4,2,72.2347753719776,0,0,41.642857142857146,0.5,0.9333333333333333,7.062191632286556,0
715,27,Virtual,Universitario,0,30,28.0,1272,28,4,4,100.0,0,0,45.42857142857143,1.0,0.9333333333333333,7.149131598557407,0
716,19,Virtual,Bachillerato,0,60,29.0,439,12,4,1,44.73514531878292,0,0,36.583333333333336,0.25,0.4,6.0867747269123065,0
717,18,Semipresencial,Bachillerato,1,60,33.0,501,18,5,1,55.44827625697115,0,0,27.833333333333332,0.2,0.6,6.218600119691729,0
718,34,Virtual,Universitario,1,60,47.0,188,2,7,2,55.52222905683469,0,0,94.0,0.2857142857142857,0.06666666666666667,5.241747015059643,0
719,26,Virtual,Bachillerato,1,60,23.0,33,0,5,0,,1,1,0.0,0.0,0.0,3.5263605246161616,1
720,21,Virtual,Bachillerato,1,30,18.0,165,15,4,1,69.64034218002638,0,0,11.0,0.25,0.5,5.111987788356544,0
721,28,Semipresencial,Bachillerato,1,60,44.0,1069,12,4,3,96.96783388755051,0,0,89.08333333333333,0.75,0.4,6.975413927455952,0
722,38,Virtual,Técnico,0,60,-20.0,238,5,6,1,,0,0,47.6,0.16666666666666666,0.16666666666666666,5.476463551931511,1
723,18,Virtual,Técnico,0,30,22.0,483,8,5,2,57.9841698020445,0,1,60.375,0.4,0.26666666666666666,6.182084906716632,0
724,18,Semipresencial,Bachillerato,1,60,10.0,320,10,7,1,53.188130650381446,1,0,32.0,0.14285714285714285,0.3333333333333333,5.771441123130016,0
725,22,Semipresencial,Técnico,1,90,61.0,342,15,5,4,78.81722932547967,1,0,22.8,0.8,0.5,5.83773044716594,0
726,41,Virtual,Técnico,0,60,25.0,653,13,4,3,88.8892015604333,0,1,50.23076923076923,0.75,0.43333333333333335,6.483107351457199,0
727,31,Semipresencial,Bachillerato,0,30,23.0,154,14,5,1,49.49601202870838,0,0,11.0,0.2,0.4666666666666667,5.043425116919247,0
728,35,Semipresencial,Bachillerato,0,60,34.0,934,22,6,5,88.66151001317506,0,0,42.45454545454545,0.8333333333333334,0.7333333333333333,6.840546529288687,0
729,20,Virtual,Bachillerato,1,30,22.0,1130,22,4,4,100.0,0,0,51.36363636363637,1.0,0.7333333333333333,7.030857476116121,0
730,20,Semipresencial,Bachillerato,1,60,26.0,548,16,4,3,83.45822557121606,0,0,34.25,0.75,0.5333333333333333,6.3080984415095305,0
731,33,Virtual,Bachillerato,1,60,37.0,271,6,8,1,39.4148064509111,0,1,45.166666666666664,0.125,0.2,5.605802066295998,0
732,29,Virtual,Bachillerato,0,30,26.0,35,7,5,3,69.57258459548741,0,0,5.0,0.6,0.23333333333333334,3.58351893845611,0
733,33,Virtual,Bachillerato,0,60,26.0,194,5,7,2,33.81134352671369,0,0,38.8,0.2857142857142857,0.16666666666666666,5.272999558563747,0
734,27,Virtual,Bachillerato,0,90,13.0,110,4,8,4,67.49367900000708,0,1,27.5,0.5,0.13333333333333333,4.709530201312334,0
735,31,Virtual,Técnico,2,30,10.0,94,3,4,1,71.92217633128317,1,0,31.333333333333332,0.25,0.1,4.553876891600541,0
736,30,Virtual,Bachillerato,0,90,36.0,153,4,7,2,45.81790724848191,1,1,38.25,0.2857142857142857,0.13333333333333333,5.0369526024136295,0
737,35,Virtual,Universitario,0,60,42.0,646,19,8,8,77.97743754663139,0,0,34.0,1.0,0.6333333333333333,6.472346294500901,0
738,35,Virtual,Universitario,0,60,4.0,502,12,4,4,83.76087979899403,0,0,41.833333333333336,1.0,0.4,6.220590170099739,0
739,18,Virtual,Técnico,0,30,52.0,340,12,5,0,,0,1,28.333333333333332,0.0,0.4,5.831882477283517,1
740,18,Virtual,Universitario,0,30,52.0,214,7,4,2,90.30565101036237,0,0,30.571428571428573,0.5,0.23333333333333334,5.3706380281276624,0
741,37,Virtual,Universitario,0,30,56.0,394,5,4,1,64.62854580735468,0,0,78.8,0.25,0.16666666666666666,5.978885764901122,0
742,39,Virtual,Bachillerato,1,60,42.0,86,1,5,0,,0,1,86.0,0.0,0.03333333333333333,4.465908118654584,1
743,21,Virtual,Técnico,0,120,49.0,247,9,4,1,61.183301528479475,0,1,27.444444444444443,0.25,0.3,5.5134287461649825,0
744,18,Semipresencial,Bachillerato,0,90,83.0,612,20,8,6,100.0,0,0,30.6,0.75,0.6666666666666666,6.418364935936212,0
745,30,Virtual,Técnico,0,30,28.0,363,18,5,3,75.96919157737827,0,1,20.166666666666668,0.6,0.6,5.8971538676367405,0
746,36,Semipresencial,Bachillerato,0,30,12.0,254,9,7,3,69.92138434781951,0,1,28.22222222222222,0.42857142857142855,0.3,5.541263545158426,0
747,43,Virtual,Bachillerato,0,30,1.0,322,10,4,1,64.88671524798873,0,0,32.2,0.25,0.3333333333333333,5.777652323222656,0
748,33,Semipresencial,Bachillerato,0,120,74.0,580,16,7,4,58.96393020428182,0,0,36.25,0.5714285714285714,0.5333333333333333,6.364750756851911,0
749,26,Semipresencial,Universitario,1,30,74.0,246,20,7,5,94.11821769429984,0,0,12.3,0.7142857142857143,0.6666666666666666,5.5093883366279774,0
750,22,Semipresencial,Bachillerato,1,30,15.0,453,18,4,1,73.64514099395751,0,0,25.166666666666668,0.25,0.6,6.118097198041348,0
751,29,Virtual,Bachillerato,0,60,19.0,671,27,6,4,63.260848559098186,0,0,24.85185185185185,0.6666666666666666,0.9,6.51025834052315,0
752,27,Virtual,Bachillerato,0,60,28.0,740,12,8,4,56.632180579573216,0,0,61.666666666666664,0.5,0.4,6.608000625296087,0
753,21,Virtual,Bachillerato,0,30,62.0,199,5,7,4,59.82788421265874,0,0,39.8,0.5714285714285714,0.16666666666666666,5.298317366548036,0
754,45,Virtual,Universitario,2,60,7.0,401,9,8,2,64.4301909551065,1,1,44.55555555555556,0.25,0.3,5.996452088619021,0
755,43,Semipresencial,Técnico,0,30,-8.0,437,16,6,5,78.45332182459806,0,0,27.3125,0.8333333333333334,0.5333333333333333,6.082218910376446,0
756,38,Semipresencial,Bachillerato,0,30,83.0,883,26,5,5,100.0,1,0,33.96153846153846,1.0,0.8666666666666667,6.784457062637643,0
757,22,Virtual,Bachillerato,0,30,42.0,231,9,6,4,75.1020333893248,0,0,25.666666666666668,0.6666666666666666,0.3,5.44673737166631,0
758,36,Virtual,Bachillerato,1,60,45.0,858,25,6,5,90.27072770246436,0,0,34.32,0.8333333333333334,0.8333333333333334,6.755768921984256,0
759,34,Virtual,Bachillerato,0,120,30.0,439,11,8,5,82.75122515498386,0,0,39.90909090909091,0.625,0.36666666666666664,6.0867747269123065,0
760,33,Virtual,Técnico,0,60,45.0,249,16,6,4,,1,0,15.5625,0.6666666666666666,0.5333333333333333,5.521460917862246,1
761,39,Virtual,Técnico,0,60,2.0,822,18,7,7,94.67233749319402,0,0,45.666666666666664,1.0,0.6,6.71295620067707,0
762,34,Virtual,Bachillerato,0,60,16.0,203,10,6,3,75.42496515161065,0,0,20.3,0.5,0.3333333333333333,5.318119993844216,0
763,35,Semipresencial,Técnico,1,60,37.0,245,3,5,1,55.85366492626061,1,0,81.66666666666667,0.2,0.1,5.5053315359323625,0
764,34,Virtual,Bachillerato,0,120,-15.0,169,5,5,1,54.83399634446248,0,1,33.8,0.2,0.16666666666666666,5.135798437050262,0
765,32,Virtual,Técnico,0,60,28.0,139,3,8,3,57.72517513872466,1,0,46.333333333333336,0.375,0.1,4.941642422609304,0
766,18,Virtual,Bachillerato,0,120,27.0,160,4,5,2,86.96531381634357,0,1,40.0,0.4,0.13333333333333333,5.081404364984463,0
767,30,Semipresencial,Técnico,0,60,28.0,205,7,6,2,58.20420796431533,0,0,29.285714285714285,0.3333333333333333,0.23333333333333334,5.327876168789581,0
768,25,Virtual,Bachillerato,0,60,23.0,269,15,7,3,87.93965421803874,0,0,17.933333333333334,0.42857142857142855,0.5,5.598421958998375,0
769,19,Virtual,Universitario,0,30,13.0,785,22,4,3,79.37845023998081,0,0,35.68181818181818,0.75,0.7333333333333333,6.666956792429207,0
770,42,Virtual,Bachillerato,0,60,-5.0,145,5,7,3,75.7578084654099,0,0,29.0,0.42857142857142855,0.16666666666666666,4.983606621708336,0
771,43,Virtual,Bachillerato,1,60,38.0,343,18,8,5,99.05509875974373,1,0,19.055555555555557,0.625,0.6,5.840641657373398,0
772,40,Virtual,,1,120,28.0,91,6,6,2,,1,1,15.166666666666666,0.3333333333333333,0.2,4.5217885770490405,1
773,31,Virtual,Bachillerato,1,90,5.0,167,3,6,1,43.97462746441109,0,1,55.666666666666664,0.16666666666666666,0.1,5.123963979403259,0
774,40,Virtual,Bachillerato,0,60,36.0,402,16,6,5,82.31591121852172,0,0,25.125,0.8333333333333334,0.5333333333333333,5.998936561946683,0
775,29,Semipresencial,Técnico,0,90,,816,25,7,6,93.0890169555943,0,0,32.64,0.8571428571428571,0.8333333333333334,6.705639094860003,0
776,31,Virtual,Técnico,0,90,25.0,184,6,4,1,63.662456061103526,0,1,30.666666666666668,0.25,0.2,5.220355825078325,0
777,20,Virtual,Bachillerato,1,60,-12.0,290,11,7,3,65.8557480101497,0,0,26.363636363636363,0.42857142857142855,0.36666666666666664,5.673323267171493,0
778,32,Virtual,Técnico,0,30,50.0,164,4,6,2,56.82685195144985,1,0,41.0,0.3333333333333333,0.13333333333333333,5.10594547390058,0
779,29,Semipresencial,Técnico,1,30,8.0,528,18,4,4,100.0,0,0,29.333333333333332,1.0,0.6,6.270988431858299,0
780,19,Semipresencial,Bachillerato,2,30,36.0,196,5,8,1,46.09473409457008,0,1,39.2,0.125,0.16666666666666666,5.2832037287379885,0
781,29,Semipresencial,Bachillerato,1,30,17.0,1063,19,4,2,66.00878347432574,1,0,55.94736842105263,0.5,0.6333333333333333,6.96979066990159,0
782,28,Virtual,Bachillerato,0,120,26.0,468,14,6,3,83.66613401096666,1,0,33.42857142857143,0.5,0.4666666666666667,6.150602768446279,0
783,43,Virtual,Bachillerato,1,30,60.0,139,2,8,1,60.00722959392343,0,1,69.5,0.125,0.06666666666666667,4.941642422609304,0
784,36,Semipresencial,Técnico,0,60,47.0,254,18,8,8,100.0,0,0,14.11111111111111,1.0,0.6,5.541263545158426,0
785,29,Semipresencial,Universitario,0,60,60.0,919,25,7,6,100.0,0,0,36.76,0.8571428571428571,0.8333333333333334,6.824373670043086,0
786,31,Virtual,Técnico,0,60,42.0,323,6,7,3,70.74097852857707,1,1,53.833333333333336,0.42857142857142855,0.2,5.780743515792329,0
787,29,Virtual,Bachillerato,0,30,44.0,352,10,6,4,74.3742823868144,0,0,35.2,0.6666666666666666,0.3333333333333333,5.8664680569332965,0
788,27,Virtual,Técnico,0,60,-4.0,105,2,7,2,36.1302980526727,1,1,52.5,0.2857142857142857,0.06666666666666667,4.663439094112067,0
789,20,Semipresencial,Técnico,1,60,28.0,516,11,8,4,57.79578297982334,0,0,46.90909090909091,0.5,0.36666666666666664,6.248042874508429,0
790,28,Virtual,Bachillerato,0,60,30.0,633,18,6,4,84.7360745533281,0,0,35.166666666666664,0.6666666666666666,0.6,6.452048954437226,0
791,23,Virtual,Técnico,0,30,62.0,327,10,6,3,,0,0,32.7,0.5,0.3333333333333333,5.793013608384144,1
792,19,Virtual,Bachillerato,0,60,24.0,219,17,4,2,,0,0,12.882352941176471,0.5,0.5666666666666667,5.393627546352361,1
793,33,Virtual,Bachillerato,0,30,41.0,361,13,8,3,69.18993473941848,1,0,27.76923076923077,0.375,0.43333333333333335,5.891644211825771,0
794,32,Virtual,Bachillerato,0,60,40.0,241,10,8,4,80.82111062890736,0,0,24.1,0.5,0.3333333333333333,5.488937726156687,0
795,18,Virtual,Bachillerato,0,60,60.0,473,15,7,5,79.4351205921869,0,0,31.533333333333335,0.7142857142857143,0.5,6.161207321695077,0
796,28,Semipresencial,Universitario,0,30,32.0,1037,14,7,6,98.03287980415197,0,0,74.07142857142857,0.8571428571428571,0.4666666666666667,6.945051063725834,0
797,37,Virtual,Bachillerato,0,90,53.0,476,15,5,4,93.04899556708887,0,0,31.733333333333334,0.8,0.5,6.1675164908883415,0
798,37,Virtual,Bachillerato,0,30,-3.0,133,11,8,1,71.5907997571839,0,1,12.090909090909092,0.125,0.36666666666666664,4.897839799950911,0
799,37,Virtual,Bachillerato,0,90,-1.0,450,18,4,3,100.0,0,0,25.0,0.75,0.6,6.111467339502679,0
800,29,Virtual,Bachillerato,0,90,-15.0,632,22,7,6,100.0,0,0,28.727272727272727,0.8571428571428571,0.7333333333333333,6.450470422144176,0
801,22,Virtual,Bachillerato,0,60,52.0,362,9,5,1,68.33005339805251,0,1,40.22222222222222,0.2,0.3,5.8944028342648505,0
802,20,Virtual,Bachillerato,0,30,50.0,72,3,6,0,,0,1,24.0,0.0,0.1,4.290459441148391,1
803,32,Virtual,Técnico,0,30,55.0,375,9,4,0,,0,0,41.666666666666664,0.0,0.3,5.929589143389895,1
804,32,Semipresencial,Bachillerato,0,90,20.0,513,13,4,3,100.0,0,0,39.46153846153846,0.75,0.43333333333333335,6.2422232654551655,0
805,39,Virtual,Técnico,0,60,23.0,291,15,5,2,59.73130053648917,0,1,19.4,0.4,0.5,5.676753802268282,0
806,38,Virtual,Bachillerato,1,30,32.0,344,7,5,1,72.82193315971156,1,1,49.142857142857146,0.2,0.23333333333333334,5.84354441703136,0
807,28,Virtual,Técnico,0,60,67.0,586,22,8,7,90.31091128098579,0,0,26.636363636363637,0.875,0.7333333333333333,6.375024819828097,0
808,19,Semipresencial,Técnico,0,30,72.0,536,24,6,5,94.5921780844167,0,0,22.333333333333332,0.8333333333333334,0.8,6.285998094508865,0
809,26,Virtual,Bachillerato,2,60,52.0,198,13,4,1,47.95774925887675,0,1,15.23076923076923,0.25,0.43333333333333335,5.293304824724492,0
810,31,Semipresencial,Bachillerato,0,60,42.0,895,23,8,7,77.01529756890238,0,0,38.91304347826087,0.875,0.7666666666666667,6.79794041297493,0
811,27,Semipresencial,Universitario,0,30,64.0,538,22,7,6,88.32539648069321,0,0,24.454545454545453,0.8571428571428571,0.7333333333333333,6.289715570908998,0
812,24,Virtual,Bachillerato,0,90,29.0,340,9,8,3,81.83614033202657,0,0,37.77777777777778,0.375,0.3,5.831882477283517,0
813,31,Virtual,Técnico,0,30,26.0,198,8,8,3,57.22647327657929,0,1,24.75,0.375,0.26666666666666666,5.293304824724492,0
814,25,Semipresencial,Bachillerato,0,60,32.0,453,17,6,3,94.70025392024661,0,0,26.647058823529413,0.5,0.5666666666666667,6.118097198041348,0
815,24,Virtual,Bachillerato,2,60,13.0,163,4,4,0,,1,1,40.75,0.0,0.13333333333333333,5.099866427824199,1
816,31,Virtual,Bachillerato,1,120,31.0,635,11,6,1,43.56460745675983,1,1,57.72727272727273,0.16666666666666666,0.36666666666666664,6.455198563340122,0
817,26,Virtual,Universitario,0,60,10.0,722,12,7,1,62.072216011544306,0,1,60.166666666666664,0.14285714285714285,0.4,6.583409222158765,0
818,31,Virtual,Bachillerato,1,90,58.0,462,8,4,2,75.54886385352904,0,0,57.75,0.5,0.26666666666666666,6.137727054086234,0
819,31,Virtual,Técnico,0,60,47.0,438,4,8,3,65.70705499824611,0,0,109.5,0.375,0.13333333333333333,6.0844994130751715,0
820,20,Virtual,Técnico,0,90,66.0,387,10,5,3,77.11144074710374,0,0,38.7,0.6,0.3333333333333333,5.961005339623274,0
821,25,Virtual,Bachillerato,0,30,-1.0,130,8,7,4,92.34980824558178,0,0,16.25,0.5714285714285714,0.26666666666666666,4.875197323201151,0
822,41,Virtual,Bachillerato,0,60,77.0,252,9,8,3,67.33897456990553,0,0,28.0,0.375,0.3,5.53338948872752,0
823,20,Virtual,Bachillerato,0,30,0.0,921,16,8,6,78.65511857509311,0,0,57.5625,0.75,0.5333333333333333,6.826545223556594,0
824,18,Semipresencial,Bachillerato,0,120,9.0,320,13,7,3,56.840079766718546,0,0,24.615384615384617,0.42857142857142855,0.43333333333333335,5.771441123130016,0
825,18,Virtual,Técnico,0,120,21.0,127,15,5,4,100.0,0,0,8.466666666666667,0.8,0.5,4.852030263919617,0
826,29,Virtual,Bachillerato,0,60,64.0,104,4,6,2,56.75853038953653,0,1,26.0,0.3333333333333333,0.13333333333333333,4.653960350157523,0
827,29,Virtual,Bachillerato,1,60,40.0,875,16,6,3,,0,1,54.6875,0.5,0.5333333333333333,6.775366090936392,1
828,28,Virtual,Técnico,0,60,30.0,173,8,8,1,68.77255286083408,0,1,21.625,0.125,0.26666666666666666,5.159055299214529,0
829,39,Virtual,Técnico,1,30,18.0,230,4,4,0,,0,0,57.5,0.0,0.13333333333333333,5.442417710521793,1
830,18,Virtual,Bachillerato,0,60,5.0,659,8,4,1,63.91598296596973,0,0,82.375,0.25,0.26666666666666666,6.492239835020471,0
831,32,Virtual,Técnico,1,60,60.0,250,6,4,1,55.15602072322417,0,1,41.666666666666664,0.25,0.2,5.5254529391317835,0
832,41,Virtual,Bachillerato,0,60,53.0,786,9,8,2,61.382170297922755,0,0,87.33333333333333,0.25,0.3,6.668228248417403,0
833,20,Virtual,Técnico,1,30,65.0,1531,22,6,5,82.3002072498271,1,0,69.5909090909091,0.8333333333333334,0.7333333333333333,7.3343293503005365,0
834,26,Virtual,Bachillerato,0,90,44.0,323,6,7,2,56.886974469122876,0,1,53.833333333333336,0.2857142857142857,0.2,5.780743515792329,0
835,23,Virtual,Bachillerato,0,30,-20.0,590,13,4,3,78.44412923164361,0,0,45.38461538461539,0.75,0.43333333333333335,6.3818160174060985,0
836,22,Virtual,Bachillerato,2,60,8.0,565,15,4,2,79.17873693605195,0,0,37.666666666666664,0.5,0.5,6.338594078203183,0
837,26,Virtual,Técnico,1,30,45.0,440,15,7,4,72.906238603477,0,1,29.333333333333332,0.5714285714285714,0.5,6.089044875446846,0
838,40,Virtual,Técnico,2,30,27.0,43,1,7,0,,1,1,43.0,0.0,0.03333333333333333,3.784189633918261,1
839,44,Virtual,Bachillerato,0,30,23.0,130,11,6,2,64.32134074673334,0,1,11.818181818181818,0.3333333333333333,0.36666666666666664,4.875197323201151,0
840,26,Virtual,Universitario,0,60,11.0,313,4,4,0,,1,0,78.25,0.0,0.13333333333333333,5.749392985908253,1
841,44,Virtual,Universitario,0,60,56.0,2338,27,6,6,100.0,0,0,86.5925925925926,1.0,0.9,7.757478766584179,0
842,29,Virtual,Bachillerato,0,60,45.0,127,17,7,7,94.60860023551601,0,0,7.470588235294118,1.0,0.5666666666666667,4.852030263919617,0
843,43,Semipresencial,Técnico,2,60,46.0,486,9,5,3,67.23278879484516,0,1,54.0,0.6,0.3,6.18826412308259,0
844,28,Virtual,Bachillerato,1,60,21.0,748,10,5,2,65.10272771379135,0,1,74.8,0.4,0.3333333333333333,6.618738983517219,0
845,30,Virtual,Universitario,0,30,39.0,122,3,7,0,,0,1,40.666666666666664,0.0,0.1,4.812184355372417,1
846,32,Virtual,Bachillerato,0,30,6.0,784,24,5,4,94.27293278144867,1,0,32.666666666666664,0.8,0.8,6.665683717782408,0
847,54,Semipresencial,Bachillerato,0,60,32.0,358,12,4,3,97.09380786708219,0,0,29.833333333333332,0.75,0.4,5.883322388488279,0
848,36,Virtual,Bachillerato,0,60,-20.0,350,11,7,3,66.52022145980693,0,0,31.818181818181817,0.42857142857142855,0.36666666666666664,5.860786223465865,0
849,23,Virtual,Bachillerato,1,60,1.0,74,1,4,1,67.12284688674417,1,1,74.0,0.25,0.03333333333333333,4.31748811353631,0
850,37,Semipresencial,Técnico,0,30,28.0,1133,19,6,3,79.30221803707539,0,0,59.63157894736842,0.5,0.6333333333333333,7.033506484287697,0
851,26,Virtual,Bachillerato,0,90,87.0,86,4,6,2,72.45757461043257,1,0,21.5,0.3333333333333333,0.13333333333333333,4.465908118654584,0
852,25,Semipresencial,Bachillerato,0,30,-5.0,411,23,4,2,90.24975484015957,0,0,17.869565217391305,0.5,0.7666666666666667,6.021023349349527,0
853,36,Virtual,Bachillerato,2,60,8.0,144,5,7,0,,0,1,28.8,0.0,0.16666666666666666,4.976733742420574,1
854,29,Virtual,Universitario,0,30,40.0,200,11,8,4,72.91349127660875,0,0,18.181818181818183,0.5,0.36666666666666664,5.303304908059076,0
855,31,Virtual,Técnico,0,60,74.0,496,10,8,5,87.73637543060627,0,0,49.6,0.625,0.3333333333333333,6.208590026096629,0
856,29,Virtual,Bachillerato,0,60,39.0,476,11,5,2,81.64782443684625,0,0,43.27272727272727,0.4,0.36666666666666664,6.1675164908883415,0
857,32,Semipresencial,Bachillerato,0,60,50.0,938,18,5,2,87.14121372151112,0,0,52.111111111111114,0.4,0.6,6.844815479208263,0
858,32,Virtual,Bachillerato,0,30,28.0,131,12,7,5,81.99958984408704,0,0,10.916666666666666,0.7142857142857143,0.4,4.882801922586371,0
859,18,Semipresencial,Universitario,0,60,24.0,1135,23,6,4,100.0,0,0,49.34782608695652,0.6666666666666666,0.7666666666666667,7.035268599281097,0
860,34,Virtual,Técnico,0,30,37.0,1442,24,7,6,84.88494973604195,0,0,60.083333333333336,0.8571428571428571,0.8,7.274479558773871,0
861,21,Virtual,Técnico,0,60,21.0,213,4,5,1,38.86281796370772,0,1,53.25,0.2,0.13333333333333333,5.365976015021851,0
862,18,Semipresencial,Universitario,0,30,51.0,314,10,4,2,68.16866927377268,0,0,31.4,0.5,0.3333333333333333,5.752572638825633,0
863,29,Virtual,Bachillerato,0,30,-0.0,355,12,4,3,96.45010741215746,0,0,29.583333333333332,0.75,0.4,5.87493073085203,0
864,30,Semipresencial,Técnico,0,60,55.0,548,13,8,7,74.365513946499,0,0,42.15384615384615,0.875,0.43333333333333335,6.3080984415095305,0
865,23,Virtual,Bachillerato,0,30,36.0,1009,26,6,5,75.32837051213363,0,0,38.80769230769231,0.8333333333333334,0.8666666666666667,6.917705609835305,0
866,36,Virtual,Bachillerato,0,30,30.0,470,19,6,5,68.47055881213205,0,0,24.736842105263158,0.8333333333333334,0.6333333333333333,6.154858094016418,0
867,18,Virtual,Bachillerato,0,90,-1.0,93,13,7,3,79.26704569601404,0,0,7.153846153846154,0.42857142857142855,0.43333333333333335,4.543294782270004,0
868,26,Virtual,Bachillerato,2,90,13.0,257,10,5,2,44.32874329662879,0,1,25.7,0.4,0.3333333333333333,5.552959584921617,0
869,24,Virtual,Universitario,1,90,61.0,702,9,5,2,70.73836391220382,0,0,78.0,0.4,0.3,6.555356891810665,0
870,29,Virtual,Bachillerato,0,60,30.0,38,8,6,2,,0,0,4.75,0.3333333333333333,0.26666666666666666,3.6635616461296463,1
871,31,Virtual,Técnico,0,60,41.0,462,12,4,2,63.3528217962255,0,1,38.5,0.5,0.4,6.137727054086234,0
872,21,Virtual,Técnico,0,60,16.0,1121,15,7,4,64.97961780919815,0,1,74.73333333333333,0.5714285714285714,0.5,7.022868086082641,0
873,35,Semipresencial,Técnico,0,30,34.0,741,14,4,2,76.17549008812335,0,1,52.92857142857143,0.5,0.4666666666666667,6.60934924316738,0
874,30,Virtual,Universitario,1,60,5.0,698,11,4,0,,1,0,63.45454545454545,0.0,0.36666666666666664,6.54965074223381,1
875,18,Virtual,Bachillerato,0,30,37.0,1320,25,7,7,98.69032628367201,1,0,52.8,1.0,0.8333333333333334,7.186144304522325,0
876,18,Semipresencial,Bachillerato,0,90,43.0,82,5,5,3,77.36687664127857,1,0,16.4,0.6,0.16666666666666666,4.418840607796598,0
877,29,Virtual,Bachillerato,0,60,42.0,49,1,7,1,60.33050623854233,0,0,49.0,0.14285714285714285,0.03333333333333333,3.912023005428146,0
878,27,Virtual,Bachillerato,0,60,15.0,1308,19,6,4,93.99517827500942,0,0,68.84210526315789,0.6666666666666666,0.6333333333333333,7.1770187659099,0
879,28,Virtual,Universitario,0,60,27.0,318,23,4,3,,0,0,13.826086956521738,0.75,0.7666666666666667,5.765191102784844,1
880,29,Virtual,Bachillerato,0,30,47.0,145,7,7,3,,0,0,20.714285714285715,0.42857142857142855,0.23333333333333334,4.983606621708336,1
881,31,Virtual,Bachillerato,1,60,30.0,320,10,4,0,,0,1,32.0,0.0,0.3333333333333333,5.771441123130016,1
882,37,Virtual,Bachillerato,0,60,29.0,306,11,5,2,76.12444370722324,0,1,27.818181818181817,0.4,0.36666666666666664,5.726847747587197,0
883,20,Virtual,Bachillerato,1,60,77.0,164,8,7,1,51.64986066182649,1,1,20.5,0.14285714285714285,0.26666666666666666,5.10594547390058,0
884,20,Virtual,Técnico,0,60,14.0,132,6,6,3,65.84516245902557,0,1,22.0,0.5,0.2,4.890349128221754,0
885,20,Virtual,Bachillerato,1,30,59.0,413,8,5,2,93.3021286243683,0,0,51.625,0.4,0.26666666666666666,6.025865973825314,0
886,31,Virtual,Técnico,0,60,10.0,512,10,5,3,59.78338598035823,0,0,51.2,0.6,0.3333333333333333,6.240275845170769,0
887,39,Virtual,Técnico,0,60,49.0,497,22,6,4,90.35742579664799,0,1,22.59090909090909,0.6666666666666666,0.7333333333333333,6.210600077024653,0
888,26,Virtual,Técnico,0,30,51.0,757,13,5,3,89.50237735659779,0,1,58.23076923076923,0.6,0.43333333333333335,6.630683385642372,0
889,18,Semipresencial,Bachillerato,0,90,24.0,437,15,8,5,74.90481710532553,0,0,29.133333333333333,0.625,0.5,6.082218910376446,0
890,18,Virtual,Técnico,0,60,8.0,254,14,7,5,79.82065612004722,0,0,18.142857142857142,0.7142857142857143,0.4666666666666667,5.541263545158426,0
891,22,Virtual,Bachillerato,0,60,-8.0,251,6,8,4,64.48240043124991,0,0,41.833333333333336,0.5,0.2,5.529429087511423,0
892,25,Virtual,Bachillerato,0,120,21.0,397,12,5,4,84.00266775436897,0,0,33.083333333333336,0.8,0.4,5.986452005284438,0
893,26,Virtual,Técnico,0,60,47.0,374,9,8,5,86.49391075224655,0,1,41.55555555555556,0.625,0.3,5.926926025970411,0
894,29,Virtual,Técnico,0,90,11.0,746,17,5,0,,0,0,43.88235294117647,0.0,0.5666666666666667,6.616065185132817,1
895,27,Virtual,Bachillerato,0,60,37.0,586,15,5,2,100.0,0,0,39.06666666666667,0.4,0.5,6.375024819828097,0
896,37,Semipresencial,Universitario,1,60,3.0,203,6,5,1,49.46714888948625,1,0,33.833333333333336,0.2,0.2,5.318119993844216,0
897,24,Virtual,Bachillerato,0,30,30.0,1062,19,6,3,92.9801819879879,0,0,55.89473684210526,0.5,0.6333333333333333,6.968850378341948,0
898,22,Semipresencial,Técnico,0,30,10.0,430,9,7,2,69.33424120561551,0,1,47.77777777777778,0.2857142857142857,0.3,6.066108090103747,0
899,33,Virtual,Universitario,0,60,33.0,316,11,4,3,82.8516774537205,0,0,28.727272727272727,0.75,0.36666666666666664,5.75890177387728,0
900,18,Virtual,Bachillerato,0,30,24.0,527,20,6,3,94.64913313229117,0,0,26.35,0.5,0.6666666666666666,6.269096283706261,0
901,32,Virtual,Técnico,1,30,9.0,271,23,8,5,61.19908505211842,0,0,11.782608695652174,0.625,0.7666666666666667,5.605802066295998,0
902,30,Virtual,Técnico,0,60,21.0,259,16,6,4,86.23547483493235,0,0,16.1875,0.6666666666666666,0.5333333333333333,5.560681631015528,0
903,28,Semipresencial,Técnico,0,60,14.0,699,25,7,6,84.7248693114907,1,0,27.96,0.8571428571428571,0.8333333333333334,6.551080335043404,0
904,42,Semipresencial,Técnico,1,30,6.0,1141,22,7,3,67.15385906445219,0,0,51.86363636363637,0.42857142857142855,0.7333333333333333,7.040536390215956,0
905,24,Semipresencial,Técnico,0,60,59.0,393,20,8,7,85.45397249556791,0,0,19.65,0.875,0.6666666666666666,5.976350909297934,0
906,45,Virtual,Bachillerato,0,90,27.0,651,15,7,4,65.39839419681681,1,0,43.4,0.5714285714285714,0.5,6.480044561926653,0
907,27,Semipresencial,Técnico,1,60,-13.0,713,20,6,3,54.169037803719846,0,0,35.65,0.5,0.6666666666666666,6.570882962339584,0
908,19,Virtual,Bachillerato,2,90,21.0,544,26,4,2,78.96541082630435,1,0,20.923076923076923,0.5,0.8666666666666667,6.300785794663244,0
909,30,Semipresencial,Universitario,1,60,55.0,465,13,8,4,69.35956139904708,0,0,35.76923076923077,0.5,0.43333333333333335,6.144185634125646,0
910,20,Virtual,Bachillerato,0,30,18.0,278,7,5,2,62.442904232397716,0,0,39.714285714285715,0.4,0.23333333333333334,5.631211781821365,0
911,23,Virtual,Bachillerato,0,60,,194,7,8,1,64.71009625695717,0,1,27.714285714285715,0.125,0.23333333333333334,5.272999558563747,0
912,32,Virtual,Universitario,1,90,16.0,549,13,5,2,71.77321786340634,0,0,42.23076923076923,0.4,0.43333333333333335,6.309918278226516,0
913,33,Virtual,Bachillerato,0,60,46.0,1036,19,6,2,66.91462921172335,0,1,54.526315789473685,0.3333333333333333,0.6333333333333333,6.9440872082295275,0
914,24,Virtual,Bachillerato,0,90,58.0,128,3,8,1,90.01108418672877,0,0,42.666666666666664,0.125,0.1,4.859812404361672,0
915,37,Semipresencial,Técnico,0,120,45.0,355,20,4,3,98.71586459048696,0,0,17.75,0.75,0.6666666666666666,5.87493073085203,0
916,38,Semipresencial,Bachillerato,1,30,5.0,687,12,5,2,95.13760849731088,0,0,57.25,0.4,0.4,6.5337888379333435,0
917,40,Semipresencial,Bachillerato,0,60,14.0,259,25,7,6,88.34196948094842,0,0,10.36,0.8571428571428571,0.8333333333333334,5.560681631015528,0
918,33,Virtual,Bachillerato,2,60,61.0,595,16,5,2,67.99638945236224,0,0,37.1875,0.4,0.5333333333333333,6.39024066706535,0
919,40,Virtual,Bachillerato,0,30,17.0,262,10,8,4,56.640768853952025,0,0,26.2,0.5,0.3333333333333333,5.572154032177765,0
920,18,Virtual,Bachillerato,0,60,56.0,134,8,6,2,60.10092688948116,1,1,16.75,0.3333333333333333,0.26666666666666666,4.90527477843843,0
921,26,Virtual,Bachillerato,0,90,26.0,361,11,8,4,65.0424887044034,1,0,32.81818181818182,0.5,0.36666666666666664,5.891644211825771,0
922,22,Virtual,Bachillerato,0,60,38.0,373,12,6,3,100.0,0,1,31.083333333333332,0.5,0.4,5.924255797414532,0
923,30,Virtual,Bachillerato,0,30,5.0,426,20,4,2,68.69027242753074,0,0,21.3,0.5,0.6666666666666666,6.056784013228625,0
924,24,Virtual,Bachillerato,1,60,22.0,152,11,8,2,56.74159419829893,1,1,13.818181818181818,0.25,0.36666666666666664,5.030437921392435,0
925,28,Virtual,Técnico,2,30,16.0,70,2,6,0,,1,1,35.0,0.0,0.06666666666666667,4.2626798770413155,1
926,44,Virtual,Técnico,0,90,40.0,1205,17,5,3,85.5546804131064,0,0,70.88235294117646,0.6,0.5666666666666667,7.095064377287131,0
927,28,Virtual,Bachillerato,1,30,37.0,621,15,7,6,74.01872365034653,0,0,41.4,0.8571428571428571,0.5,6.432940092739179,0
928,32,Virtual,Bachillerato,0,90,45.0,467,21,5,3,92.37254874831602,0,0,22.238095238095237,0.6,0.7,6.148468295917647,0
929,27,Semipresencial,Universitario,0,60,24.0,611,15,6,3,52.79010470942611,0,0,40.733333333333334,0.5,0.5,6.416732282512326,0
930,30,Virtual,Técnico,0,60,15.0,675,19,7,5,83.13337766167281,0,0,35.526315789473685,0.7142857142857143,0.6333333333333333,6.516193076042964,0
931,29,Semipresencial,Bachillerato,1,60,39.0,721,15,6,4,55.433734528287125,0,1,48.06666666666667,0.6666666666666666,0.5,6.582025138892826,0
932,33,Virtual,Bachillerato,0,30,12.0,256,8,7,5,72.65670166183635,0,1,32.0,0.7142857142857143,0.26666666666666666,5.54907608489522,0
933,38,Virtual,Bachillerato,0,60,59.0,135,4,4,1,55.253445791794526,0,1,33.75,0.25,0.13333333333333333,4.912654885736052,0
934,42,Virtual,Técnico,0,90,32.0,229,10,8,4,64.31162242811772,1,0,22.9,0.5,0.3333333333333333,5.438079308923196,0
935,31,Semipresencial,Universitario,2,90,28.0,173,3,7,2,47.50454766765528,0,1,57.666666666666664,0.2857142857142857,0.1,5.159055299214529,0
936,34,Virtual,Universitario,0,30,45.0,696,13,7,4,87.51830494657395,0,0,53.53846153846154,0.5714285714285714,0.43333333333333335,6.546785410760524,0
937,20,Virtual,Bachillerato,0,60,33.0,534,13,8,3,94.49345182251291,0,1,41.07692307692308,0.375,0.43333333333333335,6.282266746896006,0
938,28,Virtual,Bachillerato,0,90,-1.0,757,9,6,2,68.68835308538131,0,1,84.11111111111111,0.3333333333333333,0.3,6.630683385642372,0
939,37,Virtual,Bachillerato,0,90,12.0,1204,24,4,4,87.87947690779589,0,0,50.166666666666664,1.0,0.8,7.094234845924755,0
940,36,Virtual,Bachillerato,0,60,58.0,232,5,4,3,79.0189292717526,1,1,46.4,0.75,0.16666666666666666,5.4510384535657,0
941,31,Virtual,Bachillerato,1,30,37.0,261,10,8,4,64.24877000709724,0,0,26.1,0.5,0.3333333333333333,5.568344503761097,0
942,36,Virtual,Técnico,0,90,-2.0,636,16,8,5,90.22271437517468,0,0,39.75,0.625,0.5333333333333333,6.456769655572163,0
943,33,Virtual,Bachillerato,1,60,43.0,232,3,4,2,68.1043347220771,0,0,77.33333333333333,0.5,0.1,5.4510384535657,0
944,39,Virtual,Universitario,0,60,23.0,631,24,7,6,73.83788919408525,0,0,26.291666666666668,0.8571428571428571,0.8,6.448889394146858,0
945,31,Virtual,Bachillerato,1,60,16.0,482,25,7,7,100.0,0,0,19.28,1.0,0.8333333333333334,6.180016653652572,0
946,26,Semipresencial,Bachillerato,0,30,10.0,522,20,4,4,100.0,0,0,26.1,1.0,0.6666666666666666,6.259581464064923,0
947,32,Semipresencial,Universitario,0,90,57.0,236,7,7,4,90.50463015710017,0,0,33.714285714285715,0.5714285714285714,0.23333333333333334,5.4680601411351315,0
948,18,Virtual,Técnico,1,30,-8.0,819,18,6,4,73.03604252336352,1,0,45.5,0.6666666666666666,0.6,6.709304340258299,0
949,32,Virtual,Bachillerato,0,60,17.0,812,11,5,1,64.26168532298135,0,1,73.81818181818181,0.2,0.36666666666666664,6.70073110954781,0
950,18,Virtual,Técnico,0,120,38.0,187,15,6,4,66.3660132318163,0,0,12.466666666666667,0.6666666666666666,0.5,5.236441962829949,0
951,18,Virtual,Bachillerato,0,120,70.0,185,28,8,7,95.03506230356204,0,0,6.607142857142857,0.875,0.9333333333333333,5.225746673713202,0
952,33,Virtual,Bachillerato,1,90,47.0,362,11,5,2,70.01382405118855,1,0,32.90909090909091,0.4,0.36666666666666664,5.8944028342648505,0
953,33,Virtual,Bachillerato,0,90,16.0,334,22,7,6,84.03875931508627,0,0,15.181818181818182,0.8571428571428571,0.7333333333333333,5.814130531825066,0
954,20,Semipresencial,Bachillerato,0,30,69.0,398,8,7,4,77.2223654914721,0,1,49.75,0.5714285714285714,0.26666666666666666,5.988961416889864,0
955,23,Virtual,Técnico,0,120,5.0,736,18,7,2,69.77314398672485,0,0,40.888888888888886,0.2857142857142857,0.6,6.602587892189336,0
956,40,Semipresencial,,0,90,41.0,112,5,7,2,,0,0,22.4,0.2857142857142857,0.16666666666666666,4.727387818712341,1
957,25,Virtual,Técnico,0,60,46.0,437,11,7,5,96.96251401571193,1,0,39.72727272727273,0.7142857142857143,0.36666666666666664,6.082218910376446,0
958,47,Virtual,Técnico,0,60,16.0,462,19,5,2,69.8366867707886,0,1,24.31578947368421,0.4,0.6333333333333333,6.137727054086234,0
959,29,Semipresencial,Bachillerato,0,30,50.0,515,23,4,2,80.24418469613629,0,0,22.391304347826086,0.5,0.7666666666666667,6.246106765481563,0
960,32,Virtual,Bachillerato,2,60,24.0,87,4,8,0,,1,0,21.75,0.0,0.13333333333333333,4.477336814478207,1
961,42,Semipresencial,Bachillerato,0,60,50.0,406,16,5,2,77.23029286445366,0,0,25.375,0.4,0.5333333333333333,6.008813185442595,0
962,30,Virtual,Técnico,0,60,-5.0,643,19,8,5,75.47727549908569,0,1,33.8421052631579,0.625,0.6333333333333333,6.467698726104354,0
963,21,Virtual,Técnico,0,60,42.0,569,19,5,5,100.0,0,0,29.94736842105263,1.0,0.6333333333333333,6.345636360828596,0
964,28,Virtual,Técnico,0,60,26.0,549,17,5,2,55.816245173605665,0,1,32.294117647058826,0.4,0.5666666666666667,6.309918278226516,0
965,29,Semipresencial,Bachillerato,1,30,60.0,919,22,4,3,89.76836341191265,0,0,41.77272727272727,0.75,0.7333333333333333,6.824373670043086,0
966,18,Virtual,Bachillerato,0,120,34.0,753,22,6,3,51.91532569825559,0,1,34.22727272727273,0.5,0.7333333333333333,6.625392368007956,0
967,27,Semipresencial,Bachillerato,1,30,62.0,934,13,8,4,77.54041718056799,0,0,71.84615384615384,0.5,0.43333333333333335,6.840546529288687,0
968,23,Semipresencial,Bachillerato,0,30,46.0,481,13,8,4,71.05236831073945,0,0,37.0,0.5,0.43333333333333335,6.1779441140506,0
969,36,Virtual,Técnico,0,30,32.0,553,10,5,0,,0,1,55.3,0.0,0.3333333333333333,6.317164686747284,1
970,29,Virtual,Bachillerato,0,90,52.0,78,10,6,4,70.63138309776268,0,0,7.8,0.6666666666666666,0.3333333333333333,4.3694478524670215,0
971,27,Virtual,Bachillerato,1,90,52.0,429,11,7,1,44.08698224390304,0,0,39.0,0.14285714285714285,0.36666666666666664,6.063785208687608,0
972,28,Semipresencial,Bachillerato,0,30,45.0,354,12,8,3,62.635962623723614,0,0,29.5,0.375,0.4,5.872117789475416,0
973,31,Virtual,Bachillerato,0,30,-15.0,685,20,7,4,82.01842962110825,1,0,34.25,0.5714285714285714,0.6666666666666666,6.530877627725885,0
974,34,Virtual,Técnico,1,60,13.0,1369,22,5,5,100.0,0,0,62.22727272727273,1.0,0.7333333333333333,7.222566018822171,0
975,21,Virtual,Bachillerato,0,30,65.0,1414,16,5,3,82.24612352135819,0,0,88.375,0.6,0.5333333333333333,7.254884810077338,0
976,21,Virtual,Universitario,0,60,7.0,825,18,7,2,56.51601327511059,0,0,45.833333333333336,0.2857142857142857,0.6,6.716594773520978,0
977,38,Semipresencial,Universitario,1,30,54.0,63,3,4,2,86.70215301515232,0,0,21.0,0.5,0.1,4.1588830833596715,0
978,26,Virtual,Universitario,0,60,51.0,424,18,6,5,,0,0,23.555555555555557,0.8333333333333334,0.6,6.052089168924417,1
979,18,Virtual,Técnico,1,60,19.0,76,6,7,1,45.2601973256762,0,0,12.666666666666666,0.14285714285714285,0.2,4.343805421853684,0
980,33,Virtual,Técnico,0,60,-9.0,374,11,5,1,65.74064246199781,0,0,34.0,0.2,0.36666666666666664,5.926926025970411,0
981,33,Virtual,Técnico,0,60,22.0,766,18,6,3,78.97184734806207,0,0,42.55555555555556,0.5,0.6,6.642486801367256,0
982,18,Virtual,Bachillerato,0,30,81.0,271,18,7,6,87.36742973777345,0,0,15.055555555555555,0.8571428571428571,0.6,5.605802066295998,0
983,31,Semipresencial,Bachillerato,0,30,16.0,1106,17,6,6,90.8365362056226,0,0,65.05882352941177,1.0,0.5666666666666667,7.009408932708637,0
984,35,Virtual,Técnico,0,30,18.0,286,19,4,3,97.76845474487806,0,0,15.052631578947368,0.75,0.6333333333333333,5.659482215759621,0
985,32,Virtual,,0,30,13.0,203,6,6,4,96.36750491088674,0,1,33.833333333333336,0.6666666666666666,0.2,5.318119993844216,0
986,34,Semipresencial,Bachillerato,0,120,62.0,1498,23,5,4,65.6179547941264,0,0,65.1304347826087,0.8,0.7666666666666667,7.312553498102598,0
987,18,Virtual,Universitario,0,30,30.0,799,21,7,4,95.03071262608232,0,0,38.04761904761905,0.5714285714285714,0.7,6.684611727667927,0
988,32,Virtual,Bachillerato,1,30,21.0,253,9,5,1,56.78915428087941,0,1,28.11111111111111,0.2,0.3,5.537334267018537,0
989,27,Virtual,Bachillerato,0,30,66.0,290,11,8,4,74.89028652593149,0,0,26.363636363636363,0.5,0.36666666666666664,5.673323267171493,0
990,25,Semipresencial,Técnico,0,60,48.0,711,19,4,3,,0,0,37.421052631578945,0.75,0.6333333333333333,6.568077911411976,1
991,36,Virtual,Bachillerato,1,90,15.0,602,12,8,5,42.49229329329903,1,0,50.166666666666664,0.625,0.4,6.401917196727186,0
992,41,Virtual,Universitario,0,90,8.0,296,6,4,2,79.0774729110525,0,0,49.333333333333336,0.5,0.2,5.6937321388027,0
993,43,Virtual,Bachillerato,0,60,60.0,359,19,7,6,100.0,0,0,18.894736842105264,0.8571428571428571,0.6333333333333333,5.886104031450156,0
994,40,Virtual,Universitario,0,90,35.0,209,7,5,1,50.18659911219821,0,1,29.857142857142858,0.2,0.23333333333333334,5.3471075307174685,0
995,28,Virtual,Técnico,1,60,1.0,281,11,4,0,,0,1,25.545454545454547,0.0,0.36666666666666664,5.641907070938114,1
996,32,Virtual,Bachillerato,1,90,-4.0,19,2,5,0,,0,1,9.5,0.0,0.06666666666666667,2.995732273553991,1
997,35,Semipresencial,Bachillerato,0,90,10.0,370,20,4,1,46.42329917037988,0,0,18.5,0.25,0.6666666666666666,5.916202062607435,0
998,30,Semipresencial,Bachillerato,0,30,8.0,427,15,4,3,88.77379754455787,0,0,28.466666666666665,0.75,0.5,6.059123195581797,0
999,30,Virtual,Bachillerato,2,60,-10.0,425,13,5,3,83.22730015669674,0,1,32.69230769230769,0.6,0.43333333333333335,6.054439346269371,0
1000,36,Semipresencial,Bachillerato,0,30,11.0,885,25,4,4,100.0,0,0,35.4,1.0,0.8333333333333334,6.786716950605081,0
1001,29,Semipresencial,Universitario,1,30,15.0,970,24,8,4,82.97559107992144,0,0,40.416666666666664,0.5,0.8,6.878326468291325,0
1002,23,Virtual,Bachillerato,1,90,25.0,366,16,8,6,78.11976474510396,0,1,22.875,0.75,0.5333333333333333,5.905361848054571,0
1003,26,Virtual,Universitario,0,30,72.0,131,2,6,2,66.3193149692557,0,0,65.5,0.3333333333333333,0.06666666666666667,4.882801922586371,0
1004,34,Semipresencial,Bachillerato,0,60,29.0,724,22,4,4,88.59837684975622,0,0,32.90909090909091,1.0,0.7333333333333333,6.586171654854675,0
1005,29,Virtual,Universitario,1,120,31.0,1198,21,8,3,62.85266655686487,0,0,57.04761904761905,0.375,0.7,7.089243155027514,0
1006,32,Semipresencial,Bachillerato,0,60,46.0,216,10,7,5,80.06940631292079,0,0,21.6,0.7142857142857143,0.3333333333333333,5.37989735354046,0
1007,34,Virtual,Bachillerato,0,60,30.0,194,8,4,1,42.421873618187384,0,0,24.25,0.25,0.26666666666666666,5.272999558563747,0
1008,26,Virtual,Técnico,0,60,44.0,857,21,4,1,74.97448135914223,0,0,40.80952380952381,0.25,0.7,6.754604099487962,0
1009,35,Semipresencial,Bachillerato,1,90,41.0,507,11,7,5,47.423996653300826,0,1,46.09090909090909,0.7142857142857143,0.36666666666666664,6.230481447578482,0
1010,32,Virtual,Técnico,0,30,38.0,698,16,4,3,88.65378558447937,0,0,43.625,0.75,0.5333333333333333,6.54965074223381,0
1011,19,Virtual,Bachillerato,1,30,96.0,955,22,7,5,88.7253205533407,0,1,43.40909090909091,0.7142857142857143,0.7333333333333333,6.862757913051401,0
1012,41,Virtual,Bachillerato,0,60,55.0,254,16,6,4,71.59908881595976,0,0,15.875,0.6666666666666666,0.5333333333333333,5.541263545158426,0
1013,25,Virtual,Bachillerato,0,90,11.0,1542,19,8,5,66.39240633210878,0,0,81.15789473684211,0.625,0.6333333333333333,7.341483852363161,0
1014,18,Virtual,Técnico,0,30,43.0,1135,21,5,2,68.85196333556203,0,0,54.04761904761905,0.4,0.7,7.035268599281097,0
1015,21,Virtual,Bachillerato,0,60,18.0,215,13,6,4,87.15946055831614,0,0,16.53846153846154,0.6666666666666666,0.43333333333333335,5.375278407684165,0
1016,21,Virtual,Bachillerato,0,120,45.0,557,19,6,5,93.26505605134886,0,0,29.31578947368421,0.8333333333333334,0.6333333333333333,6.324358962381311,0
1017,29,Virtual,Bachillerato,0,30,5.0,465,17,8,5,66.76160269331992,0,0,27.352941176470587,0.625,0.5666666666666667,6.144185634125646,0
1018,27,Virtual,Bachillerato,1,30,11.0,0,0,7,1,50.69674455630689,0,0,0.0,0.14285714285714285,0.0,0.0,0
1019,26,Semipresencial,,1,60,43.0,397,14,7,3,,0,0,28.357142857142858,0.42857142857142855,0.4666666666666667,5.986452005284438,1
1020,34,Virtual,Universitario,0,30,57.0,218,11,5,3,78.48484096196246,0,0,19.818181818181817,0.6,0.36666666666666664,5.389071729816501,0
1021,32,Virtual,Bachillerato,2,30,46.0,135,3,6,1,37.144237530298916,1,1,45.0,0.16666666666666666,0.1,4.912654885736052,0
1022,32,Virtual,Técnico,0,60,54.0,161,3,4,0,,0,0,53.666666666666664,0.0,0.1,5.087596335232384,1
1023,32,Virtual,Bachillerato,0,60,43.0,376,12,5,2,79.8129401427033,0,1,31.333333333333332,0.4,0.4,5.932245187448011,0
1024,34,Semipresencial,Bachillerato,0,60,39.0,472,12,8,2,69.54354063010076,0,0,39.333333333333336,0.25,0.4,6.159095388491933,0
1025,18,Virtual,Bachillerato,0,60,24.0,403,14,4,3,88.13775897888928,0,0,28.785714285714285,0.75,0.4666666666666667,6.0014148779611505,0
1026,26,Virtual,Bachillerato,0,60,53.0,686,17,4,3,100.0,0,0,40.35294117647059,0.75,0.5666666666666667,6.532334292222349,0
1027,18,Semipresencial,Bachillerato,1,60,58.0,791,26,6,3,79.31349354846539,0,0,30.423076923076923,0.5,0.8666666666666667,6.674561391814426,0
1028,29,Semipresencial,Bachillerato,0,90,34.0,286,11,7,5,70.08994829150961,0,1,26.0,0.7142857142857143,0.36666666666666664,5.659482215759621,0
1029,29,Semipresencial,Bachillerato,0,90,32.0,251,10,8,4,61.43509785444523,0,1,25.1,0.5,0.3333333333333333,5.529429087511423,0
1030,37,Semipresencial,Universitario,1,60,70.0,1635,28,6,6,,0,0,58.392857142857146,1.0,0.9333333333333333,7.400009517162692,1
1031,39,Semipresencial,Bachillerato,0,90,35.0,173,4,7,3,48.235193839182074,0,1,43.25,0.42857142857142855,0.13333333333333333,5.159055299214529,0
1032,31,Virtual,,0,90,37.0,374,11,5,3,72.11820552724338,0,0,34.0,0.6,0.36666666666666664,5.926926025970411,0
1033,25,Virtual,,0,30,46.0,333,6,6,2,68.53675048622529,0,1,55.5,0.3333333333333333,0.2,5.8111409929767,0
1034,33,Virtual,Bachillerato,1,120,33.0,1224,19,5,5,100.0,1,0,64.42105263157895,1.0,0.6333333333333333,7.110696122978827,0
1035,25,Virtual,Técnico,1,90,17.0,139,13,4,1,42.121835032792916,0,1,10.692307692307692,0.25,0.43333333333333335,4.941642422609304,0
1036,29,Virtual,Bachillerato,0,60,43.0,80,3,5,1,57.438931427625306,0,0,26.666666666666668,0.2,0.1,4.394449154672439,0
1037,37,Virtual,Técnico,0,30,34.0,659,14,5,1,61.481166638975886,0,0,47.07142857142857,0.2,0.4666666666666667,6.492239835020471,0
1038,25,Virtual,Bachillerato,0,60,76.0,338,11,6,3,72.50006841299032,0,0,30.727272727272727,0.5,0.36666666666666664,5.82600010738045,0
1039,35,Semipresencial,Bachillerato,0,60,52.0,1319,21,7,7,98.24878606703402,0,0,62.80952380952381,1.0,0.7,7.1853870155804165,0
1040,34,Semipresencial,Universitario,0,60,22.0,343,26,8,7,94.16999603468989,0,0,13.192307692307692,0.875,0.8666666666666667,5.840641657373398,0
1041,21,Virtual,Bachillerato,1,60,51.0,628,16,8,4,88.50650740638474,1,1,39.25,0.5,0.5333333333333333,6.444131256700441,0
1042,37,Virtual,Técnico,1,30,42.0,298,6,5,1,69.82796059714538,1,0,49.666666666666664,0.2,0.2,5.700443573390686,0
1043,35,Virtual,Bachillerato,0,30,64.0,666,25,8,8,100.0,0,0,26.64,1.0,0.8333333333333334,6.502790045915623,0
1044,30,Virtual,Universitario,2,90,23.0,732,16,8,6,78.1731336068253,1,0,45.75,0.75,0.5333333333333333,6.597145701886651,0
1045,23,Semipresencial,Bachillerato,1,30,39.0,694,14,6,5,78.43839315281305,0,0,49.57142857142857,0.8333333333333334,0.4666666666666667,6.543911845564792,0
1046,22,Semipresencial,Bachillerato,0,60,33.0,567,18,5,2,60.486855901724546,0,1,31.5,0.4,0.6,6.342121418721152,0
1047,25,Semipresencial,Técnico,0,30,36.0,468,14,7,4,70.1810270184664,0,0,33.42857142857143,0.5714285714285714,0.4666666666666667,6.150602768446279,0
1048,33,Semipresencial,Bachillerato,0,60,16.0,814,16,4,2,83.3748535930595,0,0,50.875,0.5,0.5333333333333333,6.703188113240863,0
1049,21,Semipresencial,Bachillerato,0,60,48.0,395,11,5,3,86.27230106152692,0,0,35.90909090909091,0.6,0.36666666666666664,5.981414211254481,0
1050,33,Virtual,Universitario,0,30,44.0,465,9,6,2,72.72284360228363,0,0,51.666666666666664,0.3333333333333333,0.3,6.144185634125646,0
1051,19,Virtual,Técnico,2,60,63.0,215,4,8,0,,1,1,53.75,0.0,0.13333333333333333,5.375278407684165,1
1052,27,Virtual,Técnico,1,60,35.0,401,12,8,2,52.19110111053582,0,1,33.416666666666664,0.25,0.4,5.996452088619021,0
1053,30,Virtual,Técnico,0,30,26.0,480,14,8,5,100.0,0,0,34.285714285714285,0.625,0.4666666666666667,6.175867270105761,0
1054,49,Virtual,Técnico,0,60,52.0,367,9,6,4,67.29941752002836,0,1,40.77777777777778,0.6666666666666666,0.3,5.908082938168931,0
1055,18,Virtual,Universitario,0,60,18.0,278,14,4,2,90.69829599949801,1,0,19.857142857142858,0.5,0.4666666666666667,5.631211781821365,0
1056,41,Semipresencial,Técnico,0,60,59.0,320,27,7,4,88.41919829298881,0,0,11.851851851851851,0.5714285714285714,0.9,5.771441123130016,0
1057,30,Virtual,Bachillerato,0,60,59.0,429,13,8,4,64.35881273075431,0,0,33.0,0.5,0.43333333333333335,6.063785208687608,0
1058,32,Semipresencial,Bachillerato,0,60,63.0,1286,20,6,6,81.78617327909,0,0,64.3,1.0,0.6666666666666666,7.160069207596127,0
1059,30,Semipresencial,Técnico,0,30,43.0,979,27,6,5,85.24963368255749,0,0,36.25925925925926,0.8333333333333334,0.9,6.887552571664617,0
1060,33,Virtual,Técnico,0,30,24.0,680,23,8,7,97.91157936841778,0,0,29.565217391304348,0.875,0.7666666666666667,6.523562306149512,0
1061,28,Virtual,Bachillerato,0,60,37.0,599,23,4,2,67.73446407151043,0,0,26.043478260869566,0.5,0.7666666666666667,6.396929655216146,0
1062,41,Virtual,Bachillerato,0,60,43.0,306,11,8,3,85.95292434056039,0,0,27.818181818181817,0.375,0.36666666666666664,5.726847747587197,0
1063,25,Virtual,Bachillerato,1,90,23.0,83,13,6,1,54.98900771012401,0,1,6.384615384615385,0.16666666666666666,0.43333333333333335,4.430816798843313,0
1064,38,Virtual,Bachillerato,1,30,64.0,838,15,7,3,76.9410717866376,0,0,55.86666666666667,0.42857142857142855,0.5,6.732210706467206,0
1065,24,Semipresencial,Universitario,0,60,48.0,294,11,4,3,88.98653309965744,0,0,26.727272727272727,0.75,0.36666666666666664,5.68697535633982,0
1066,29,Virtual,Bachillerato,0,60,15.0,279,8,7,3,87.14852365329739,0,1,34.875,0.42857142857142855,0.26666666666666666,5.634789603169249,0
1067,20,Virtual,Técnico,0,30,76.0,129,5,5,0,,1,1,25.8,0.0,0.16666666666666666,4.867534450455582,1
1068,33,Virtual,Técnico,0,60,37.0,386,18,6,3,77.1729872073451,1,0,21.444444444444443,0.5,0.6,5.958424693029782,0
1069,41,Virtual,Universitario,0,60,11.0,718,12,6,1,43.11659941104537,0,1,59.833333333333336,0.16666666666666666,0.4,6.577861357721047,0
1070,28,Virtual,Bachillerato,2,30,17.0,325,19,8,4,71.68777862067802,1,1,17.105263157894736,0.5,0.6333333333333333,5.786897381366708,0
1071,27,Virtual,Universitario,0,60,68.0,737,15,7,3,85.21585304266543,0,0,49.13333333333333,0.42857142857142855,0.5,6.6039438246004725,0
1072,20,Virtual,Técnico,0,30,75.0,169,6,6,1,59.26699363749608,0,1,28.166666666666668,0.16666666666666666,0.2,5.135798437050262,0
1073,27,Virtual,Técnico,1,90,57.0,658,25,6,4,100.0,1,0,26.32,0.6666666666666666,0.8333333333333334,6.490723534502507,0
1074,18,Virtual,Bachillerato,0,30,64.0,1302,23,5,5,100.0,0,0,56.608695652173914,1.0,0.7666666666666667,7.172424577124845,0
1075,22,Virtual,Bachillerato,1,30,62.0,562,21,7,5,76.20790830264126,1,0,26.761904761904763,0.7142857142857143,0.7,6.333279628139691,0
1076,31,Virtual,Técnico,0,30,47.0,1012,24,8,6,94.16917697607406,0,0,42.166666666666664,0.75,0.8,6.920671504248683,0
1077,40,Virtual,Bachillerato,0,30,42.0,171,5,6,1,38.52259570138459,0,0,34.2,0.16666666666666666,0.16666666666666666,5.147494476813453,0
1078,51,Virtual,Bachillerato,0,30,47.0,633,21,7,7,86.96222871171555,0,0,30.142857142857142,1.0,0.7,6.452048954437226,0
1079,24,Virtual,Técnico,0,60,51.0,1001,22,5,3,67.2958895365697,1,0,45.5,0.6,0.7333333333333333,6.90975328164481,0
1080,40,Virtual,Técnico,0,30,19.0,530,12,6,4,79.12666400322482,0,0,44.166666666666664,0.6666666666666666,0.4,6.274762021241939,0
1081,31,Virtual,Bachillerato,0,30,51.0,1215,18,6,2,68.8403885264705,0,0,67.5,0.3333333333333333,0.6,7.103322062526113,0
1082,28,Virtual,Bachillerato,1,30,67.0,122,6,7,3,78.04703008895018,1,1,20.333333333333332,0.42857142857142855,0.2,4.812184355372417,0
1083,32,Virtual,Bachillerato,1,60,30.0,700,18,5,3,75.5111781413781,0,0,38.888888888888886,0.6,0.6,6.55250788703459,0
1084,29,Virtual,Universitario,1,30,28.0,830,25,5,4,76.11976255908203,0,0,33.2,0.8,0.8333333333333334,6.7226297948554485,0
1085,30,Semipresencial,Universitario,1,60,45.0,481,11,5,2,83.96181258825592,1,1,43.72727272727273,0.4,0.36666666666666664,6.1779441140506,0
1086,26,Virtual,Bachillerato,0,60,21.0,379,6,6,3,33.96431041951517,0,0,63.166666666666664,0.5,0.2,5.940171252720432,0
1087,18,Semipresencial,Bachillerato,0,60,6.0,222,9,5,2,67.6115867069543,0,0,24.666666666666668,0.4,0.3,5.407171771460119,0
1088,18,Virtual,Bachillerato,0,30,60.0,617,16,4,0,,0,0,38.5625,0.0,0.5333333333333333,6.42648845745769,1
1089,34,Virtual,Bachillerato,3,90,25.0,255,5,6,1,46.95988287530407,1,1,51.0,0.16666666666666666,0.16666666666666666,5.545177444479562,0
1090,27,Semipresencial,Universitario,1,60,35.0,565,15,8,5,82.00110256468216,0,0,37.666666666666664,0.625,0.5,6.338594078203183,0
1091,24,Semipresencial,Bachillerato,0,30,22.0,427,9,4,3,81.77828261456838,0,0,47.44444444444444,0.75,0.3,6.059123195581797,0
1092,29,Semipresencial,Bachillerato,0,60,63.0,244,25,7,7,100.0,0,0,9.76,1.0,0.8333333333333334,5.501258210544727,0
1093,35,Virtual,Bachillerato,0,60,54.0,494,13,8,6,75.42336845072394,0,1,38.0,0.75,0.43333333333333335,6.20455776256869,0
1094,30,Semipresencial,Bachillerato,0,30,30.0,477,18,8,6,67.89137114731221,1,0,26.5,0.75,0.6,6.169610732491456,0
1095,24,Virtual,Universitario,0,60,9.0,67,2,8,2,57.043760577967646,0,0,33.5,0.25,0.06666666666666667,4.219507705176107,0
1096,39,Virtual,Técnico,1,60,27.0,417,9,5,2,51.8317038878948,1,0,46.333333333333336,0.4,0.3,6.035481432524756,0
1097,42,Virtual,Técnico,0,30,48.0,699,18,4,4,86.15770189934904,0,0,38.833333333333336,1.0,0.6,6.551080335043404,0
1098,33,Semipresencial,Bachillerato,0,120,39.0,267,12,8,3,81.7877748922419,0,0,22.25,0.375,0.4,5.5909869805108565,0
1099,37,Virtual,Universitario,2,30,37.0,89,8,7,1,69.52454497474855,0,0,11.125,0.14285714285714285,0.26666666666666666,4.499809670330265,0
1100,39,Semipresencial,Bachillerato,0,30,40.0,562,7,5,2,79.76247328676472,0,1,80.28571428571429,0.4,0.23333333333333334,6.333279628139691,0
1101,38,Virtual,Universitario,0,30,52.0,720,17,8,6,96.33857884847585,0,0,42.35294117647059,0.75,0.5666666666666667,6.580639137284949,0
1102,34,Semipresencial,Universitario,0,60,34.0,488,13,5,2,70.06941379033407,1,1,37.53846153846154,0.4,0.43333333333333335,6.192362489474872,0
1103,34,Virtual,,0,90,45.0,81,4,7,3,77.67104197220345,1,0,20.25,0.42857142857142855,0.13333333333333333,4.406719247264253,0
1104,33,Semipresencial,Universitario,0,90,13.0,392,15,8,6,,0,0,26.133333333333333,0.75,0.5,5.973809611869261,1
1105,20,Virtual,Bachillerato,0,90,91.0,1152,19,7,3,97.10559966320875,0,0,60.63157894736842,0.42857142857142855,0.6333333333333333,7.050122520269059,0
1106,35,Virtual,Técnico,1,60,29.0,436,11,7,4,60.74707169910268,0,1,39.63636363636363,0.5714285714285714,0.36666666666666664,6.07993319509559,0
1107,18,Virtual,Bachillerato,1,60,39.0,643,10,4,0,,1,1,64.3,0.0,0.3333333333333333,6.467698726104354,1
1108,23,Virtual,Bachillerato,0,60,47.0,529,15,8,1,44.82848852820866,0,1,35.266666666666666,0.125,0.5,6.272877006546167,0
1109,39,Virtual,Bachillerato,0,30,26.0,579,10,6,0,,0,1,57.9,0.0,0.3333333333333333,6.363028103540465,1
1110,36,Virtual,Bachillerato,0,90,35.0,135,15,7,2,45.477872659577955,0,1,9.0,0.2857142857142857,0.5,4.912654885736052,0
1111,41,Virtual,Bachillerato,0,60,35.0,474,21,7,5,71.13034310475886,0,0,22.571428571428573,0.7142857142857143,0.7,6.163314804034641,0
1112,27,Virtual,Bachillerato,0,60,15.0,577,17,5,1,48.55851419928135,0,1,33.94117647058823,0.2,0.5666666666666667,6.359573868672378,0
1113,20,Virtual,Técnico,0,60,45.0,271,10,7,2,66.38272686983649,0,0,27.1,0.2857142857142857,0.3333333333333333,5.605802066295998,0
1114,27,Semipresencial,Bachillerato,0,90,-1.0,646,15,5,3,82.3043018868353,0,0,43.06666666666667,0.6,0.5,6.472346294500901,0
1115,30,Virtual,Bachillerato,0,30,74.0,154,11,5,3,100.0,0,0,14.0,0.6,0.36666666666666664,5.043425116919247,0
1116,30,Semipresencial,Universitario,1,60,52.0,238,15,8,3,65.40451382650939,0,0,15.866666666666667,0.375,0.5,5.476463551931511,0
1117,38,Semipresencial,Universitario,0,60,49.0,277,7,7,3,76.40619075141967,1,0,39.57142857142857,0.42857142857142855,0.23333333333333334,5.627621113690637,0
1118,26,Virtual,Bachillerato,0,90,-3.0,347,7,6,2,65.4471073886668,0,1,49.57142857142857,0.3333333333333333,0.23333333333333334,5.8522024797744745,0
1119,32,Virtual,Bachillerato,0,30,18.0,314,10,4,2,79.76677671958777,0,1,31.4,0.5,0.3333333333333333,5.752572638825633,0
1120,21,Virtual,Técnico,0,30,66.0,1520,23,7,7,99.37396178928563,0,0,66.08695652173913,1.0,0.7666666666666667,7.327123292259293,0
1121,33,Virtual,Técnico,0,60,100.0,681,9,7,1,70.57397389547357,0,1,75.66666666666667,0.14285714285714285,0.3,6.525029657843462,0
1122,29,Virtual,Bachillerato,0,90,61.0,717,23,4,4,85.01791781292937,0,0,31.17391304347826,1.0,0.7666666666666667,6.576469569048224,0
1123,23,Virtual,Técnico,0,120,58.0,414,16,7,5,53.57317787444455,0,0,25.875,0.7142857142857143,0.5333333333333333,6.028278520230698,0
1124,27,Virtual,Bachillerato,1,60,47.0,88,4,5,2,66.40883746494802,1,0,22.0,0.4,0.13333333333333333,4.48863636973214,0
1125,28,Virtual,Bachillerato,1,30,16.0,299,12,7,2,39.79621483403097,1,1,24.916666666666668,0.2857142857142857,0.4,5.703782474656201,0
1126,27,Semipresencial,Técnico,0,30,57.0,853,19,8,6,100.0,0,0,44.89473684210526,0.75,0.6333333333333333,6.74993119378857,0
1127,43,Virtual,Técnico,1,60,11.0,320,14,7,1,50.55114281541075,0,1,22.857142857142858,0.14285714285714285,0.4666666666666667,5.771441123130016,0
1128,28,Virtual,Universitario,0,30,8.0,214,10,8,5,63.79115836692418,0,0,21.4,0.625,0.3333333333333333,5.3706380281276624,0
1129,27,Semipresencial,Bachillerato,1,60,7.0,285,11,4,0,,0,1,25.90909090909091,0.0,0.36666666666666664,5.655991810819852,1
1130,18,Virtual,Bachillerato,0,90,56.0,435,12,5,1,60.97859982458547,0,1,36.25,0.2,0.4,6.077642243349034,0
1131,22,Virtual,Bachillerato,0,60,34.0,104,2,4,2,64.5787296765694,1,1,52.0,0.5,0.06666666666666667,4.653960350157523,0
1132,27,Semipresencial,Bachillerato,0,60,37.0,321,8,4,1,69.87570473172036,0,1,40.125,0.25,0.26666666666666666,5.7745515455444085,0
1133,24,Virtual,Bachillerato,0,30,35.0,699,22,5,3,91.68556947233053,0,0,31.772727272727273,0.6,0.7333333333333333,6.551080335043404,0
1134,40,Virtual,Bachillerato,0,30,10.0,168,11,4,1,76.21952022470711,0,0,15.272727272727273,0.25,0.36666666666666664,5.1298987149230735,0
1135,28,Virtual,Bachillerato,1,60,20.0,391,15,5,3,59.05431799948794,0,0,26.066666666666666,0.6,0.5,5.971261839790462,0
1136,39,Semipresencial,Técnico,0,60,21.0,610,17,4,4,100.0,0,0,35.88235294117647,1.0,0.5666666666666667,6.415096959171596,0
1137,29,Virtual,Bachillerato,0,30,4.0,81,3,4,1,,0,1,27.0,0.25,0.1,4.406719247264253,1
1138,29,Virtual,Bachillerato,0,30,24.0,374,10,8,3,55.69765826934528,0,0,37.4,0.375,0.3333333333333333,5.926926025970411,0
1139,28,Virtual,Técnico,1,30,11.0,173,18,7,3,70.76306846173972,0,0,9.61111111111111,0.42857142857142855,0.6,5.159055299214529,0
1140,29,Virtual,Bachillerato,0,60,48.0,95,3,6,3,45.91509355449823,0,0,31.666666666666668,0.5,0.1,4.564348191467836,0
1141,43,Virtual,Universitario,2,60,50.0,1445,25,6,5,97.49183851101748,1,0,57.8,0.8333333333333334,0.8333333333333334,7.27655640271871,0
1142,18,Semipresencial,Bachillerato,0,60,7.0,961,19,5,3,76.76188885753722,0,1,50.578947368421055,0.6,0.6333333333333333,6.8690144506657065,0
1143,18,Semipresencial,Bachillerato,0,60,28.0,603,18,6,5,82.83665519463037,0,0,33.5,0.8333333333333334,0.6,6.403574197934815,0
1144,25,Virtual,Universitario,0,30,76.0,514,16,7,3,70.43357031339329,0,0,32.125,0.42857142857142855,0.5333333333333333,6.244166900663736,0
1145,29,Virtual,Técnico,0,60,13.0,563,13,6,5,83.8064655713424,0,0,43.30769230769231,0.8333333333333334,0.43333333333333335,6.335054251498059,0
1146,35,Virtual,Técnico,1,30,44.0,348,21,7,6,100.0,0,0,16.571428571428573,0.8571428571428571,0.7,5.855071922202427,0
1147,33,Virtual,Técnico,0,90,37.0,845,18,6,5,75.41810799309933,1,0,46.94444444444444,0.8333333333333334,0.6,6.740519359606223,0
1148,26,Virtual,Bachillerato,2,30,59.0,31,0,5,0,,1,1,0.0,0.0,0.0,3.4657359027997265,1
1149,37,Virtual,Técnico,1,60,42.0,294,10,8,4,65.90131996014793,1,1,29.4,0.5,0.3333333333333333,5.68697535633982,0
1150,37,Virtual,Universitario,0,30,26.0,427,12,8,4,59.81809171542106,1,0,35.583333333333336,0.5,0.4,6.059123195581797,0
1151,30,Virtual,Universitario,0,90,36.0,509,10,5,2,69.61176135962326,0,0,50.9,0.4,0.3333333333333333,6.234410725718371,0
1152,37,Virtual,Bachillerato,2,30,37.0,401,18,6,4,67.54685379986208,1,0,22.27777777777778,0.6666666666666666,0.6,5.996452088619021,0
1153,31,Virtual,Bachillerato,0,90,33.0,518,7,7,2,44.85575880493383,0,0,74.0,0.2857142857142857,0.23333333333333334,6.251903883165888,0
1154,25,Virtual,Técnico,0,30,6.0,558,7,5,4,87.56472887880325,0,1,79.71428571428571,0.8,0.23333333333333334,6.326149473155099,0
1155,35,Semipresencial,Bachillerato,0,90,62.0,1059,24,7,5,100.0,1,0,44.125,0.7142857142857143,0.8,6.966024187106113,0
1156,30,Semipresencial,Bachillerato,1,60,58.0,597,9,8,5,73.28104908808932,1,0,66.33333333333333,0.625,0.3,6.393590753950631,0
1157,29,Semipresencial,Bachillerato,1,30,12.0,248,14,5,4,80.86057399492093,0,0,17.714285714285715,0.8,0.4666666666666667,5.517452896464707,0
1158,41,Semipresencial,Bachillerato,0,30,28.0,244,7,4,3,77.85629327153472,0,0,34.857142857142854,0.75,0.23333333333333334,5.501258210544727,0
1159,18,Virtual,Bachillerato,0,60,30.0,152,17,8,7,83.40858948730316,0,0,8.941176470588236,0.875,0.5666666666666667,5.030437921392435,0
1160,18,Semipresencial,Bachillerato,1,90,10.0,448,17,8,3,81.64116905543055,0,0,26.352941176470587,0.375,0.5666666666666667,6.1070228877422545,0
1161,20,Virtual,Bachillerato,0,90,-6.0,155,7,8,2,61.47859710018525,0,1,22.142857142857142,0.25,0.23333333333333334,5.049856007249537,0
1162,26,Virtual,Bachillerato,0,30,20.0,227,9,7,2,36.66345418931688,0,1,25.22222222222222,0.2857142857142857,0.3,5.429345628954441,0
1163,27,Virtual,Universitario,2,60,27.0,107,6,4,0,,0,1,17.833333333333332,0.0,0.2,4.68213122712422,1
1164,18,Virtual,Bachillerato,0,30,3.0,403,9,8,2,72.89601899243014,0,0,44.77777777777778,0.25,0.3,6.0014148779611505,0
1165,21,Virtual,Bachillerato,1,30,39.0,275,15,4,2,78.4692118877453,0,1,18.333333333333332,0.5,0.5,5.62040086571715,0
1166,22,Virtual,Bachillerato,0,60,61.0,294,6,4,1,26.73511707907597,0,0,49.0,0.25,0.2,5.68697535633982,0
1167,49,Virtual,Bachillerato,0,60,54.0,510,14,7,5,81.80747727061069,1,0,36.42857142857143,0.7142857142857143,0.4666666666666667,6.236369590203704,0
1168,43,Semipresencial,Universitario,0,30,32.0,223,4,5,1,67.52113578644564,0,0,55.75,0.2,0.13333333333333333,5.4116460518550396,0
1169,26,Virtual,Universitario,2,90,-5.0,441,15,8,3,68.05399269937804,0,1,29.4,0.375,0.5,6.091309882077698,0
1170,26,Virtual,Bachillerato,0,60,51.0,450,14,8,3,71.41181621090563,0,0,32.142857142857146,0.375,0.4666666666666667,6.111467339502679,0
1171,20,Semipresencial,Bachillerato,2,60,38.0,261,3,8,1,58.14615220866457,1,1,87.0,0.125,0.1,5.568344503761097,0
1172,18,Virtual,Bachillerato,0,30,44.0,482,12,8,5,79.02169953432694,0,0,40.166666666666664,0.625,0.4,6.180016653652572,0
1173,28,Virtual,Bachillerato,0,90,78.0,649,10,6,3,85.94349261721752,0,1,64.9,0.5,0.3333333333333333,6.476972362889683,0
1174,21,Virtual,Bachillerato,1,60,17.0,703,12,8,4,71.54108137938529,1,1,58.583333333333336,0.5,0.4,6.556778356158042,0
1175,28,Virtual,Bachillerato,1,60,-20.0,49,0,8,0,,1,1,0.0,0.0,0.0,3.912023005428146,1
1176,18,Virtual,Bachillerato,0,30,12.0,301,20,5,3,91.50896426298415,0,0,15.05,0.6,0.6666666666666666,5.71042701737487,0
1177,23,Semipresencial,Técnico,0,90,46.0,711,12,6,3,67.81695682443726,0,0,59.25,0.5,0.4,6.568077911411976,0
1178,30,Semipresencial,Bachillerato,1,60,36.0,125,4,7,0,,1,1,31.25,0.0,0.13333333333333333,4.836281906951478,1
1179,32,Virtual,Bachillerato,0,90,8.0,272,10,8,5,76.29561637406982,0,0,27.2,0.625,0.3333333333333333,5.60947179518496,0
1180,32,Virtual,Bachillerato,1,60,4.0,162,8,5,0,,0,1,20.25,0.0,0.26666666666666666,5.093750200806762,1
1181,18,Semipresencial,Bachillerato,0,90,27.0,166,10,5,4,94.00435039457665,0,0,16.6,0.8,0.3333333333333333,5.117993812416755,0
1182,36,Virtual,Bachillerato,1,60,8.0,273,5,5,0,,0,1,54.6,0.0,0.16666666666666666,5.6131281063880705,1
1183,23,Virtual,Bachillerato,0,90,46.0,17,3,7,2,58.6833647636119,1,1,5.666666666666667,0.2857142857142857,0.1,2.8903717578961645,0
1184,34,Virtual,Bachillerato,0,30,26.0,601,14,6,4,77.97689266802485,0,0,42.92857142857143,0.6666666666666666,0.4666666666666667,6.400257445308821,0
1185,29,Virtual,Bachillerato,0,30,21.0,11,3,5,3,64.34460866606429,0,1,3.6666666666666665,0.6,0.1,2.4849066497880004,0
1186,18,Virtual,Técnico,2,60,18.0,212,8,7,3,64.68422693347883,1,0,26.5,0.42857142857142855,0.26666666666666666,5.3612921657094255,0
1187,26,Virtual,Universitario,1,60,41.0,508,18,7,6,66.77794049639064,1,0,28.22222222222222,0.8571428571428571,0.6,6.2324480165505225,0
1188,32,Virtual,Bachillerato,0,60,36.0,301,9,6,0,,0,1,33.44444444444444,0.0,0.3,5.71042701737487,1
1189,34,Virtual,Bachillerato,1,60,39.0,325,14,7,3,100.0,0,0,23.214285714285715,0.42857142857142855,0.4666666666666667,5.786897381366708,0
1190,28,Virtual,Técnico,0,60,39.0,205,9,5,1,41.50363905133494,0,0,22.77777777777778,0.2,0.3,5.327876168789581,0
1191,41,Virtual,Técnico,0,90,33.0,496,16,4,4,95.6820272914916,0,0,31.0,1.0,0.5333333333333333,6.208590026096629,0
1192,37,Semipresencial,Bachillerato,0,30,12.0,372,18,8,3,75.68402948554753,0,0,20.666666666666668,0.375,0.6,5.921578419643816,0
1193,27,Virtual,Bachillerato,1,90,19.0,427,16,7,4,80.5918662282946,0,1,26.6875,0.5714285714285714,0.5333333333333333,6.059123195581797,0
1194,35,Virtual,Bachillerato,0,30,26.0,890,20,8,8,84.40028363512896,0,0,44.5,1.0,0.6666666666666666,6.792344427470809,0
1195,44,Virtual,Técnico,0,60,80.0,359,6,8,2,65.98704053283123,0,0,59.833333333333336,0.25,0.2,5.886104031450156,0
1196,45,Semipresencial,Bachillerato,1,90,5.0,356,13,5,1,52.3359213002446,0,1,27.384615384615383,0.2,0.43333333333333335,5.877735781779639,0
1197,19,Virtual,Bachillerato,1,30,26.0,754,16,6,4,61.002331803438246,0,0,47.125,0.6666666666666666,0.5333333333333333,6.626717749249025,0
1198,22,Semipresencial,Bachillerato,0,60,37.0,195,6,8,1,66.47348769995824,1,1,32.5,0.125,0.2,5.278114659230518,0
1199,41,Virtual,Bachillerato,0,30,28.0,273,10,4,1,69.97537771257821,0,0,27.3,0.25,0.3333333333333333,5.6131281063880705,0
1200,21,Virtual,Bachillerato,0,60,59.0,265,9,8,2,49.85125052849516,0,1,29.444444444444443,0.25,0.3,5.583496308781699,0
1201,18,Virtual,Técnico,0,60,28.0,1413,25,4,1,63.72443027430138,0,0,56.52,0.25,0.8333333333333334,7.254177846456518,0
1202,25,Virtual,Bachillerato,0,30,30.0,349,28,5,5,93.43985098350294,1,0,12.464285714285714,1.0,0.9333333333333333,5.857933154483459,0
1203,32,Semipresencial,Bachillerato,1,90,53.0,42,7,6,3,47.12698433233278,1,0,6.0,0.5,0.23333333333333334,3.7612001156935624,0
1204,28,Semipresencial,,0,30,75.0,1410,20,7,5,94.29201399461655,1,0,70.5,0.7142857142857143,0.6666666666666666,7.2520539518528135,0
1205,24,Virtual,Técnico,0,60,66.0,191,9,5,3,84.34902089934245,0,0,21.22222222222222,0.6,0.3,5.2574953720277815,0
1206,24,Semipresencial,,0,60,32.0,805,26,8,8,95.3086852203561,0,0,30.96153846153846,1.0,0.8666666666666667,6.692083742506628,0
1207,23,Virtual,Bachillerato,1,30,34.0,342,14,7,5,78.50535040369081,0,0,24.428571428571427,0.7142857142857143,0.4666666666666667,5.83773044716594,0
1208,22,Virtual,Bachillerato,1,30,36.0,854,13,7,5,79.66923279753506,0,0,65.6923076923077,0.7142857142857143,0.43333333333333335,6.75110146893676,0
1209,47,Virtual,Técnico,0,120,38.0,543,11,7,2,66.83984516043215,0,1,49.36363636363637,0.2857142857142857,0.36666666666666664,6.298949246855942,0
1210,31,Virtual,,0,60,16.0,195,9,4,1,45.27964960675708,0,0,21.666666666666668,0.25,0.3,5.278114659230518,0
1211,36,Semipresencial,Universitario,1,30,56.0,481,14,8,6,86.06133519068084,0,0,34.357142857142854,0.75,0.4666666666666667,6.1779441140506,0
1212,25,Virtual,Técnico,1,90,40.0,683,18,7,4,,0,0,37.94444444444444,0.5714285714285714,0.6,6.52795791762255,1
1213,28,Virtual,Bachillerato,0,60,34.0,603,12,4,3,90.27650256137477,0,0,50.25,0.75,0.4,6.403574197934815,0
1214,23,Virtual,Bachillerato,1,30,7.0,206,17,7,2,51.42858081352108,1,0,12.117647058823529,0.2857142857142857,0.5666666666666667,5.332718793265369,0
1215,18,Virtual,Bachillerato,0,60,36.0,229,22,4,3,71.99869501601638,0,0,10.409090909090908,0.75,0.7333333333333333,5.438079308923196,0
1216,18,Virtual,Técnico,0,60,-7.0,4288,24,7,6,92.4349658538552,0,0,178.66666666666666,0.8571428571428571,0.8,8.36380888451688,0
1217,18,Virtual,Técnico,1,30,22.0,283,12,6,2,62.660603976060315,0,0,23.583333333333332,0.3333333333333333,0.4,5.648974238161206,0
1218,18,Virtual,,1,90,23.0,275,5,4,1,57.49495971183882,0,1,55.0,0.25,0.16666666666666666,5.62040086571715,0
1219,19,Virtual,Universitario,0,30,41.0,462,26,5,4,80.98717121001826,0,0,17.76923076923077,0.8,0.8666666666666667,6.137727054086234,0
1220,40,Virtual,Bachillerato,0,30,76.0,118,14,4,1,66.63381263073548,0,0,8.428571428571429,0.25,0.4666666666666667,4.77912349311153,0
1221,29,Virtual,Bachillerato,0,30,48.0,251,10,8,4,75.06390016348504,0,1,25.1,0.5,0.3333333333333333,5.529429087511423,0
1222,39,Virtual,Bachillerato,3,60,67.0,88,3,8,1,58.3885596654914,1,1,29.333333333333332,0.125,0.1,4.48863636973214,0
1223,32,Semipresencial,Universitario,0,60,49.0,247,5,8,1,56.72039266204297,0,1,49.4,0.125,0.16666666666666666,5.5134287461649825,0
1224,35,Semipresencial,Universitario,1,90,60.0,649,17,6,4,71.49062747945793,0,1,38.1764705882353,0.6666666666666666,0.5666666666666667,6.476972362889683,0
1225,22,Virtual,Bachillerato,1,30,76.0,364,7,5,0,,0,1,52.0,0.0,0.23333333333333334,5.8998973535824915,1
1226,33,Semipresencial,Universitario,0,90,19.0,245,13,8,6,64.28686907390527,0,1,18.846153846153847,0.75,0.43333333333333335,5.5053315359323625,0
1227,35,Virtual,Universitario,0,60,17.0,506,11,5,2,72.12573757124166,0,0,46.0,0.4,0.36666666666666664,6.2285110035911835,0
1228,24,Virtual,Técnico,0,30,50.0,771,23,6,3,88.1683864462283,0,0,33.52173913043478,0.5,0.7666666666666667,6.648984550024776,0
1229,33,Virtual,Universitario,0,30,35.0,628,19,4,3,75.26735466544605,0,0,33.05263157894737,0.75,0.6333333333333333,6.444131256700441,0
1230,34,Virtual,Bachillerato,0,90,40.0,1606,17,8,6,,0,0,94.47058823529412,0.75,0.5666666666666667,7.382124365737512,1
1231,25,Semipresencial,Técnico,0,30,30.0,937,23,4,3,86.05937583361731,0,0,40.73913043478261,0.75,0.7666666666666667,6.843749949006225,0
1232,20,Virtual,Técnico,0,60,22.0,335,13,4,3,91.26921042674539,0,0,25.76923076923077,0.75,0.43333333333333335,5.817111159963204,0
1233,20,Virtual,Técnico,0,60,71.0,240,8,8,3,76.04292294120259,0,1,30.0,0.375,0.26666666666666666,5.484796933490655,0
1234,30,Virtual,Bachillerato,0,30,11.0,277,7,8,2,,1,1,39.57142857142857,0.25,0.23333333333333334,5.627621113690637,1
1235,32,Virtual,Técnico,0,120,50.0,262,20,8,6,98.88561637795843,0,1,13.1,0.75,0.6666666666666666,5.572154032177765,0
1236,23,Virtual,Universitario,1,90,47.0,464,13,8,2,63.676363557462665,1,0,35.69230769230769,0.25,0.43333333333333335,6.142037405587356,0
1237,29,Virtual,Bachillerato,0,60,0.0,289,10,4,1,55.623728232313226,0,0,28.9,0.25,0.3333333333333333,5.66988092298052,0
1238,34,Virtual,Universitario,0,60,17.0,805,24,5,5,92.1584459514587,0,0,33.541666666666664,1.0,0.8,6.692083742506628,0
1239,34,Virtual,Bachillerato,0,60,20.0,663,20,7,4,80.09525456439152,0,1,33.15,0.5714285714285714,0.6666666666666666,6.498282149476434,0
1240,41,Virtual,Bachillerato,0,60,47.0,233,16,5,1,57.3550145292093,0,1,14.5625,0.2,0.5333333333333333,5.455321115357702,0
1241,39,Virtual,Bachillerato,0,30,27.0,710,16,7,5,71.69881352624006,0,0,44.375,0.7142857142857143,0.5333333333333333,6.566672429803241,0
1242,21,Virtual,Técnico,0,60,33.0,273,11,8,3,58.806428162843744,0,1,24.818181818181817,0.375,0.36666666666666664,5.6131281063880705,0
1243,42,Virtual,Técnico,0,60,3.0,842,16,8,3,57.56805659616381,0,0,52.625,0.375,0.5333333333333333,6.736966958001855,0
1244,25,Virtual,Bachillerato,0,60,86.0,490,11,7,3,85.49453564443287,0,0,44.54545454545455,0.42857142857142855,0.36666666666666664,6.19644412779452,0
1245,37,Virtual,Técnico,0,60,37.0,674,10,7,4,74.8851434975311,0,0,67.4,0.5714285714285714,0.3333333333333333,6.51471269087253,0
1246,30,Virtual,Bachillerato,0,30,46.0,116,3,6,3,94.68411710340008,0,0,38.666666666666664,0.5,0.1,4.762173934797756,0
1247,26,Semipresencial,Bachillerato,0,120,23.0,1234,26,4,3,94.25291644430015,0,0,47.46153846153846,0.75,0.8666666666666667,7.118826249062078,0
1248,18,Virtual,Universitario,0,30,21.0,532,7,6,3,76.91689904929532,0,0,76.0,0.5,0.23333333333333334,6.278521424165844,0
1249,28,Virtual,Técnico,1,30,77.0,285,14,8,3,53.21073679650844,0,1,20.357142857142858,0.375,0.4666666666666667,5.655991810819852,0
1250,18,Virtual,Técnico,0,60,-7.0,306,5,8,4,66.13149276477297,1,0,61.2,0.5,0.16666666666666666,5.726847747587197,0
1251,37,Semipresencial,Técnico,0,60,41.0,430,11,5,3,76.72229568701026,0,0,39.09090909090909,0.6,0.36666666666666664,6.066108090103747,0
1252,41,Semipresencial,Universitario,0,30,8.0,259,15,7,6,80.17444490204299,0,0,17.266666666666666,0.8571428571428571,0.5,5.560681631015528,0
1253,23,Virtual,Bachillerato,0,60,26.0,540,17,5,3,73.57238768144622,0,0,31.764705882352942,0.6,0.5666666666666667,6.293419278846481,0
1254,31,Virtual,Bachillerato,1,60,21.0,1319,14,6,1,63.07510732188355,0,1,94.21428571428571,0.16666666666666666,0.4666666666666667,7.1853870155804165,0
1255,23,Virtual,Bachillerato,0,30,13.0,569,10,7,3,74.06283186482099,0,0,56.9,0.42857142857142855,0.3333333333333333,6.345636360828596,0
1256,24,Semipresencial,Técnico,0,120,36.0,985,26,6,6,83.25665669337333,0,0,37.88461538461539,1.0,0.8666666666666667,6.893656354602635,0
1257,35,Virtual,Técnico,1,60,-20.0,343,18,7,3,73.59060510303325,0,1,19.055555555555557,0.42857142857142855,0.6,5.840641657373398,0
1258,29,Virtual,Técnico,0,60,,49,11,4,2,78.68618218934748,0,0,4.454545454545454,0.5,0.36666666666666664,3.912023005428146,0
1259,43,Semipresencial,Bachillerato,1,30,33.0,221,14,5,3,67.4166779182985,0,0,15.785714285714286,0.6,0.4666666666666667,5.402677381872279,0
1260,25,Virtual,Bachillerato,0,60,5.0,293,8,8,3,57.347034391501516,0,1,36.625,0.375,0.26666666666666666,5.683579767338681,0
1261,37,Virtual,Técnico,0,90,68.0,344,9,7,2,68.10477253791447,1,1,38.22222222222222,0.2857142857142857,0.3,5.84354441703136,0
1262,30,Virtual,Universitario,0,30,22.0,1523,25,8,7,63.12295174256987,0,0,60.92,0.875,0.8333333333333334,7.329093736246591,0
1263,35,Virtual,Bachillerato,0,30,30.0,342,16,8,5,79.57501364608511,0,0,21.375,0.625,0.5333333333333333,5.83773044716594,0
1264,25,Virtual,Bachillerato,0,30,22.0,112,7,5,2,85.66313485534761,0,0,16.0,0.4,0.23333333333333334,4.727387818712341,0
1265,29,Virtual,Bachillerato,0,30,33.0,653,16,5,1,32.24368823365347,0,1,40.8125,0.2,0.5333333333333333,6.483107351457199,0
1266,28,Semipresencial,Bachillerato,0,120,64.0,372,13,5,3,86.8244984000659,0,0,28.615384615384617,0.6,0.43333333333333335,5.921578419643816,0
1267,22,Semipresencial,Bachillerato,0,60,89.0,691,25,6,5,98.94973603988613,0,0,27.64,0.8333333333333334,0.8333333333333334,6.539585955617669,0
1268,34,Virtual,Bachillerato,1,60,51.0,1037,19,5,1,44.792790049499985,0,1,54.578947368421055,0.2,0.6333333333333333,6.945051063725834,0
1269,34,Virtual,Técnico,1,120,59.0,199,8,5,2,69.84586629147798,0,1,24.875,0.4,0.26666666666666666,5.298317366548036,0
1270,34,Virtual,Bachillerato,0,90,73.0,1181,24,4,3,100.0,1,0,49.208333333333336,0.75,0.8,7.074963197966044,0
1271,41,Virtual,Bachillerato,0,90,40.0,848,21,5,4,74.8305936096609,0,0,40.38095238095238,0.8,0.7,6.744059186311348,0
1272,41,Semipresencial,,0,60,70.0,605,25,8,5,76.01330793559927,0,0,24.2,0.625,0.8333333333333334,6.406879986069314,0
1273,26,Virtual,Universitario,0,60,52.0,286,9,6,2,64.9299519943588,0,0,31.77777777777778,0.3333333333333333,0.3,5.659482215759621,0
1274,32,Virtual,Bachillerato,2,30,38.0,234,11,7,1,64.21061318655669,1,1,21.272727272727273,0.14285714285714285,0.36666666666666664,5.459585514144159,0
1275,24,Virtual,Bachillerato,0,60,43.0,544,20,6,4,,0,0,27.2,0.6666666666666666,0.6666666666666666,6.300785794663244,1
1276,29,Virtual,Bachillerato,0,60,-5.0,944,13,6,2,66.31157787019568,0,0,72.61538461538461,0.3333333333333333,0.43333333333333335,6.851184927493743,0
1277,24,Virtual,Técnico,0,30,41.0,352,16,7,4,69.53556038104212,0,0,22.0,0.5714285714285714,0.5333333333333333,5.8664680569332965,0
1278,42,Virtual,Universitario,0,60,,156,10,4,4,90.79469154252091,0,0,15.6,1.0,0.3333333333333333,5.056245805348308,0
1279,32,Semipresencial,Bachillerato,1,60,-1.0,632,18,5,1,74.06013857373205,0,0,35.111111111111114,0.2,0.6,6.450470422144176,0
1280,27,Virtual,Bachillerato,0,30,39.0,1041,16,4,2,76.07076204843293,0,0,65.0625,0.5,0.5333333333333333,6.948897222313312,0
1281,39,Semipresencial,Bachillerato,2,30,10.0,408,12,4,3,71.81048966491494,0,0,34.0,0.75,0.4,6.013715156042802,0
1282,18,Virtual,Técnico,1,60,35.0,435,17,7,2,63.81406249592045,0,0,25.58823529411765,0.2857142857142857,0.5666666666666667,6.077642243349034,0
1283,18,Semipresencial,Universitario,0,60,38.0,314,9,4,3,70.84249329430484,1,0,34.888888888888886,0.75,0.3,5.752572638825633,0
1284,35,Virtual,Bachillerato,0,60,39.0,646,11,5,3,63.91729515044977,0,1,58.72727272727273,0.6,0.36666666666666664,6.472346294500901,0
1285,29,Virtual,Bachillerato,0,60,15.0,2428,15,6,2,82.35768301867711,0,0,161.86666666666667,0.3333333333333333,0.5,7.795234929002173,0
1286,31,Semipresencial,Técnico,0,30,55.0,432,26,5,5,100.0,0,0,16.615384615384617,1.0,0.8666666666666667,6.07073772800249,0
1287,18,Virtual,Técnico,1,30,33.0,793,18,4,3,60.90186343625844,0,0,44.05555555555556,0.75,0.6,6.677083461247136,0
1288,29,Virtual,Bachillerato,0,30,45.0,398,10,8,1,64.23555393438482,1,1,39.8,0.125,0.3333333333333333,5.988961416889864,0
1289,45,Virtual,Bachillerato,0,30,9.0,236,5,8,3,74.30720165788821,0,1,47.2,0.375,0.16666666666666666,5.4680601411351315,0
1290,36,Virtual,Bachillerato,0,60,31.0,859,12,6,5,70.72644508327875,0,0,71.58333333333333,0.8333333333333334,0.4,6.756932389247553,0
1291,30,Virtual,Técnico,1,120,,650,9,6,5,74.95560493336382,1,0,72.22222222222223,0.8333333333333334,0.3,6.478509642208569,0
1292,25,Virtual,Técnico,1,30,56.0,291,9,8,4,61.02544489933351,0,0,32.333333333333336,0.5,0.3,5.676753802268282,0
1293,26,Semipresencial,Técnico,0,30,17.0,515,12,8,3,90.66136112498378,0,0,42.916666666666664,0.375,0.4,6.246106765481563,0
1294,18,Virtual,Técnico,0,60,23.0,1765,25,4,3,100.0,0,0,70.6,0.75,0.8333333333333334,7.476472381163905,0
1295,31,Virtual,Bachillerato,0,60,13.0,787,23,4,3,77.0958782443673,0,0,34.21739130434783,0.75,0.7666666666666667,6.669498089857879,0
1296,36,Virtual,Bachillerato,1,30,21.0,957,20,5,3,60.289022667471535,0,0,47.85,0.6,0.6666666666666666,6.86484777797086,0
1297,18,Semipresencial,,0,30,4.0,53,3,5,0,,1,1,17.666666666666668,0.0,0.1,3.9889840465642745,1
1298,24,Virtual,Universitario,0,90,32.0,306,14,8,3,75.47737024156815,0,1,21.857142857142858,0.375,0.4666666666666667,5.726847747587197,0
1299,20,Virtual,Técnico,1,30,49.0,1110,14,6,3,85.6279220143116,0,1,79.28571428571429,0.5,0.4666666666666667,7.01301578963963,0
1300,21,Virtual,Bachillerato,1,60,18.0,702,15,8,2,49.04110513784124,0,0,46.8,0.25,0.5,6.555356891810665,0
1301,29,Virtual,Bachillerato,0,90,33.0,598,20,7,4,88.3967779600732,0,0,29.9,0.5714285714285714,0.6666666666666666,6.395261598115449,0
1302,18,Semipresencial,Técnico,0,30,30.0,138,6,7,3,57.80460363005409,0,0,23.0,0.42857142857142855,0.2,4.9344739331306915,0
1303,34,Virtual,Técnico,0,60,58.0,568,21,8,4,85.02796196408033,0,0,27.047619047619047,0.5,0.7,6.343880434126331,0
1304,35,Semipresencial,Técnico,0,30,22.0,144,9,6,4,76.83790132925849,0,0,16.0,0.6666666666666666,0.3,4.976733742420574,0
1305,27,Virtual,Bachillerato,1,30,22.0,820,19,7,5,100.0,0,0,43.1578947368421,0.7142857142857143,0.6333333333333333,6.710523109452428,0
1306,18,Virtual,Universitario,1,30,16.0,742,16,5,3,80.96872434600068,1,0,46.375,0.6,0.5333333333333333,6.610696044717759,0
1307,21,Virtual,Técnico,0,120,10.0,734,18,5,4,83.53206823917021,0,0,40.77777777777778,0.8,0.6,6.5998704992128365,0
1308,39,Virtual,Técnico,1,30,47.0,1029,18,6,4,80.88853422166522,0,0,57.166666666666664,0.6666666666666666,0.6,6.937314081223682,0
1309,18,Virtual,Técnico,0,30,32.0,372,9,8,3,64.99377851730303,0,1,41.333333333333336,0.375,0.3,5.921578419643816,0
1310,26,Virtual,Universitario,0,90,36.0,534,14,4,1,50.34676395197592,0,1,38.142857142857146,0.25,0.4666666666666667,6.282266746896006,0
1311,20,Virtual,Universitario,0,30,63.0,115,6,6,3,92.39870585188773,0,1,19.166666666666668,0.5,0.2,4.7535901911063645,0
1312,35,Virtual,Técnico,1,90,64.0,498,11,5,0,,0,1,45.27272727272727,0.0,0.36666666666666664,6.212606095751519,1
1313,24,Virtual,Bachillerato,1,60,-1.0,331,7,8,3,59.9843584315152,0,1,47.285714285714285,0.375,0.23333333333333334,5.805134968916488,0
1314,32,Virtual,Bachillerato,0,60,49.0,143,8,6,4,85.13190211671122,0,0,17.875,0.6666666666666666,0.26666666666666666,4.969813299576001,0
1315,34,Virtual,Técnico,0,60,40.0,483,15,4,1,89.3671520997035,0,0,32.2,0.25,0.5,6.182084906716632,0
1316,44,Virtual,Técnico,1,60,25.0,798,14,4,1,76.04275583261678,1,0,57.0,0.25,0.4666666666666667,6.683360945766275,0
1317,27,Virtual,Bachillerato,0,30,42.0,531,14,7,5,78.15416024989057,0,1,37.92857142857143,0.7142857142857143,0.4666666666666667,6.2766434893416445,0
1318,32,Virtual,Bachillerato,0,120,-3.0,138,5,5,1,56.2945133636185,0,1,27.6,0.2,0.16666666666666666,4.9344739331306915,0
1319,18,Virtual,Universitario,0,90,67.0,632,15,4,1,44.13958663311298,0,0,42.13333333333333,0.25,0.5,6.450470422144176,0
1320,39,Virtual,Universitario,1,90,46.0,27,1,4,0,,1,1,27.0,0.0,0.03333333333333333,3.332204510175204,1
1321,23,Virtual,Universitario,1,60,16.0,281,22,4,3,99.51414280887123,0,0,12.772727272727273,0.75,0.7333333333333333,5.641907070938114,0
1322,25,Virtual,Bachillerato,0,60,,658,12,5,5,100.0,0,0,54.833333333333336,1.0,0.4,6.490723534502507,0
1323,29,Virtual,Técnico,0,60,-2.0,68,3,7,2,67.91962607548736,0,1,22.666666666666668,0.2857142857142857,0.1,4.23410650459726,0
1324,18,Virtual,Técnico,0,30,28.0,58,2,8,2,61.82815935792711,0,0,29.0,0.25,0.06666666666666667,4.07753744390572,0
1325,31,Virtual,Bachillerato,0,60,24.0,88,2,6,4,61.45958632537975,0,0,44.0,0.6666666666666666,0.06666666666666667,4.48863636973214,0
1326,37,Semipresencial,Bachillerato,0,60,6.0,568,21,8,6,90.88651450907417,0,0,27.047619047619047,0.75,0.7,6.343880434126331,0
1327,31,Virtual,Universitario,0,60,52.0,62,3,7,1,46.49862752256602,0,1,20.666666666666668,0.14285714285714285,0.1,4.143134726391533,0
1328,18,Semipresencial,Bachillerato,0,60,63.0,442,10,4,1,68.3021531298465,1,1,44.2,0.25,0.3333333333333333,6.093569770045136,0
1329,28,Virtual,Técnico,0,60,34.0,986,23,7,5,77.6264628285821,0,0,42.869565217391305,0.7142857142857143,0.7666666666666667,6.894670039433482,0
1330,35,Virtual,Técnico,1,60,28.0,459,11,5,1,63.87579234751901,1,0,41.72727272727273,0.2,0.36666666666666664,6.131226489483141,0
1331,18,Virtual,Técnico,0,60,45.0,1614,17,8,6,100.0,0,0,94.94117647058823,0.75,0.5666666666666667,7.387090235656757,0
1332,20,Virtual,Bachillerato,0,120,35.0,136,4,8,1,58.47581988883459,0,1,34.0,0.125,0.13333333333333333,4.919980925828125,0
1333,36,Semipresencial,Técnico,0,60,11.0,242,14,4,2,77.64150488390773,0,0,17.285714285714285,0.5,0.4666666666666667,5.493061443340548,0
1334,31,Virtual,Bachillerato,0,30,21.0,324,7,4,2,80.80632276195078,0,0,46.285714285714285,0.5,0.23333333333333334,5.783825182329737,0
1335,32,Semipresencial,Técnico,1,30,28.0,313,7,6,2,81.76068251255367,0,1,44.714285714285715,0.3333333333333333,0.23333333333333334,5.749392985908253,0
1336,44,Virtual,Bachillerato,1,60,40.0,437,17,7,3,68.34830503478948,0,0,25.705882352941178,0.42857142857142855,0.5666666666666667,6.082218910376446,0
1337,33,Semipresencial,Técnico,1,60,35.0,221,8,6,4,79.98559743792777,0,0,27.625,0.6666666666666666,0.26666666666666666,5.402677381872279,0
1338,34,Semipresencial,Técnico,1,90,40.0,407,6,4,2,84.43479094822321,0,0,67.83333333333333,0.5,0.2,6.0112671744041615,0
1339,51,Virtual,Bachillerato,0,30,1.0,70,2,7,2,66.9886091339352,0,1,35.0,0.2857142857142857,0.06666666666666667,4.2626798770413155,0
1340,27,Virtual,Bachillerato,0,30,50.0,617,15,7,7,69.22147262597466,0,0,41.13333333333333,1.0,0.5,6.42648845745769,0
1341,23,Virtual,Técnico,0,60,35.0,455,20,8,6,77.91257744720303,0,1,22.75,0.75,0.6666666666666666,6.1224928095143865,0
1342,32,Virtual,Bachillerato,0,60,91.0,642,15,5,3,87.06250520540523,0,0,42.8,0.6,0.5,6.466144724237619,0
1343,33,Semipresencial,Bachillerato,0,120,26.0,481,25,4,3,84.44792813242181,0,0,19.24,0.75,0.8333333333333334,6.1779441140506,0
1344,25,Virtual,Bachillerato,1,90,42.0,782,21,7,2,83.6913989734407,0,0,37.23809523809524,0.2857142857142857,0.7,6.663132695990803,0
1345,21,Virtual,Universitario,0,60,97.0,1335,23,7,6,100.0,0,0,58.04347826086956,0.8571428571428571,0.7666666666666667,7.197435354096591,0
1346,47,Virtual,Técnico,1,90,,369,15,6,2,57.83372467366038,0,0,24.6,0.3333333333333333,0.5,5.91350300563827,0
1347,32,Virtual,Bachillerato,0,30,34.0,342,12,7,5,68.3528250978564,0,1,28.5,0.7142857142857143,0.4,5.83773044716594,0
1348,23,Semipresencial,Universitario,0,60,13.0,409,11,4,4,86.71581180784737,0,0,37.18181818181818,1.0,0.36666666666666664,6.016157159698354,0
1349,36,Virtual,Bachillerato,0,90,69.0,1059,23,4,2,,0,0,46.04347826086956,0.5,0.7666666666666667,6.966024187106113,1
1350,28,Semipresencial,Bachillerato,0,60,9.0,1542,18,6,5,100.0,0,0,85.66666666666667,0.8333333333333334,0.6,7.341483852363161,0
1351,27,Semipresencial,Bachillerato,0,120,44.0,465,16,8,5,67.12598698062959,0,0,29.0625,0.625,0.5333333333333333,6.144185634125646,0
1352,33,Virtual,Bachillerato,0,30,25.0,367,14,6,3,82.6091624632982,0,0,26.214285714285715,0.5,0.4666666666666667,5.908082938168931,0
1353,19,Virtual,Bachillerato,0,30,31.0,337,19,7,4,95.81834099845197,0,0,17.736842105263158,0.5714285714285714,0.6333333333333333,5.823045895483019,0
1354,32,Virtual,Técnico,0,60,4.0,87,14,8,4,83.53064515939406,0,0,6.214285714285714,0.5,0.4666666666666667,4.477336814478207,0
1355,44,Virtual,Bachillerato,0,90,65.0,1372,24,5,3,88.23746325258337,0,0,57.166666666666664,0.6,0.8,7.224753405767971,0
1356,33,Virtual,Técnico,1,30,29.0,290,8,6,1,52.786799080774394,0,1,36.25,0.16666666666666666,0.26666666666666666,5.673323267171493,0
1357,26,Semipresencial,Bachillerato,0,90,8.0,207,12,7,1,81.21629101091082,0,1,17.25,0.14285714285714285,0.4,5.337538079701318,0
1358,25,Virtual,Bachillerato,0,30,63.0,597,11,4,1,59.606932099543634,0,1,54.27272727272727,0.25,0.36666666666666664,6.393590753950631,0
1359,26,Semipresencial,Bachillerato,1,60,24.0,798,15,6,5,95.29607847633693,0,0,53.2,0.8333333333333334,0.5,6.683360945766275,0
1360,27,Semipresencial,Técnico,0,60,42.0,773,17,6,3,73.44517758727943,0,0,45.470588235294116,0.5,0.5666666666666667,6.651571873589727,0
1361,26,Semipresencial,Técnico,1,30,54.0,381,14,5,2,44.799563003172494,0,0,27.214285714285715,0.4,0.4666666666666667,5.945420608606575,0
1362,36,Virtual,Bachillerato,0,60,45.0,343,8,5,2,63.364287470121745,0,0,42.875,0.4,0.26666666666666666,5.840641657373398,0
1363,18,Virtual,Bachillerato,0,60,-13.0,307,17,6,4,79.80792737762663,0,0,18.058823529411764,0.6666666666666666,0.5666666666666667,5.730099782973575,0
1364,36,Virtual,Bachillerato,0,60,50.0,546,11,8,1,56.07925820508535,0,1,49.63636363636363,0.125,0.36666666666666664,6.304448802421981,0
1365,26,Virtual,Técnico,0,30,33.0,597,21,6,5,82.29294568247717,0,1,28.428571428571427,0.8333333333333334,0.7,6.393590753950631,0
1366,32,Virtual,Bachillerato,1,30,28.0,26,0,8,1,56.25924422256371,1,1,0.0,0.125,0.0,3.295836866004329,0
1367,20,Virtual,Técnico,0,120,33.0,485,11,7,2,72.75221664525944,0,0,44.09090909090909,0.2857142857142857,0.36666666666666664,6.186208623900494,0
1368,40,Virtual,Bachillerato,0,60,-0.0,346,22,4,1,64.93017308582006,0,0,15.727272727272727,0.25,0.7333333333333333,5.849324779946859,0
1369,39,Virtual,Bachillerato,0,90,39.0,584,10,8,4,,0,0,58.4,0.5,0.3333333333333333,6.371611847231857,1
1370,37,Virtual,Técnico,0,60,5.0,383,8,6,3,57.79174084854935,0,0,47.875,0.5,0.26666666666666666,5.950642552587727,0
1371,18,Virtual,Bachillerato,0,90,29.0,470,8,6,4,79.78568134777628,0,0,58.75,0.6666666666666666,0.26666666666666666,6.154858094016418,0
1372,36,Virtual,Bachillerato,0,30,38.0,1008,19,7,4,95.6993184566595,0,0,53.05263157894737,0.5714285714285714,0.6333333333333333,6.9167150203536085,0
1373,32,Semipresencial,Universitario,0,60,59.0,191,6,4,1,76.34340558699826,0,1,31.833333333333332,0.25,0.2,5.2574953720277815,0
1374,18,Virtual,Bachillerato,0,60,17.0,282,7,5,3,66.46021053921993,0,0,40.285714285714285,0.6,0.23333333333333334,5.645446897643238,0
1375,29,Semipresencial,Bachillerato,0,30,67.0,724,25,7,6,100.0,1,0,28.96,0.8571428571428571,0.8333333333333334,6.586171654854675,0
1376,32,Semipresencial,Bachillerato,0,30,56.0,115,8,7,1,52.4825146178846,0,1,14.375,0.14285714285714285,0.26666666666666666,4.7535901911063645,0
1377,33,Virtual,Bachillerato,0,60,26.0,983,23,5,3,70.25872361836369,0,0,42.73913043478261,0.6,0.7666666666666667,6.891625897052253,0
1378,30,Virtual,Técnico,3,90,11.0,282,20,6,1,38.991177605917514,1,1,14.1,0.16666666666666666,0.6666666666666666,5.645446897643238,0
1379,31,Virtual,Bachillerato,0,60,3.0,330,20,7,4,66.79907243607349,0,1,16.5,0.5714285714285714,0.6666666666666666,5.802118375377063,0
1380,41,Virtual,Universitario,0,30,41.0,252,11,6,6,95.05499779746812,0,0,22.90909090909091,1.0,0.36666666666666664,5.53338948872752,0
1381,39,Virtual,Técnico,1,120,19.0,327,8,6,2,57.97709716945482,0,1,40.875,0.3333333333333333,0.26666666666666666,5.793013608384144,0
1382,18,Virtual,Universitario,0,30,61.0,1698,22,6,5,83.18257219149156,0,0,77.18181818181819,0.8333333333333334,0.7333333333333333,7.4377951216719325,0
1383,26,Semipresencial,Técnico,0,30,20.0,265,15,5,4,75.48125927616704,0,0,17.666666666666668,0.8,0.5,5.583496308781699,0
1384,28,Semipresencial,Universitario,0,120,15.0,1462,18,6,4,69.19992385228447,0,0,81.22222222222223,0.6666666666666666,0.6,7.288244401020124,0
1385,18,Semipresencial,Técnico,1,60,40.0,311,4,7,1,40.95014577305512,1,1,77.75,0.14285714285714285,0.13333333333333333,5.7430031878094825,0
1386,30,Virtual,Bachillerato,0,90,20.0,1065,26,7,6,100.0,0,0,40.96153846153846,0.8571428571428571,0.8666666666666667,6.97166860472579,0
1387,39,Virtual,Bachillerato,1,90,35.0,210,10,7,3,87.42575247139277,1,1,21.0,0.42857142857142855,0.3333333333333333,5.351858133476067,0
1388,20,Semipresencial,Técnico,0,60,57.0,388,11,6,3,94.43192323783269,0,0,35.27272727272727,0.5,0.36666666666666664,5.963579343618446,0
1389,32,Virtual,Bachillerato,0,30,38.0,571,15,7,3,79.7807574240467,0,0,38.06666666666667,0.42857142857142855,0.5,6.349138991379798,0
1390,22,Virtual,Técnico,0,60,38.0,1152,26,7,6,87.96411617314077,0,0,44.30769230769231,0.8571428571428571,0.8666666666666667,7.050122520269059,0
1391,24,Virtual,Bachillerato,0,90,40.0,250,12,5,1,53.18623815661446,0,0,20.833333333333332,0.2,0.4,5.5254529391317835,0
1392,41,Virtual,Técnico,0,90,-2.0,1031,19,6,3,85.52367792622124,0,0,54.26315789473684,0.5,0.6333333333333333,6.939253946041508,0
1393,25,Virtual,Bachillerato,1,60,44.0,139,2,7,1,47.57227300147888,0,1,69.5,0.14285714285714285,0.06666666666666667,4.941642422609304,0
1394,33,Virtual,Universitario,0,60,39.0,130,3,7,1,59.02156997978725,0,0,43.333333333333336,0.14285714285714285,0.1,4.875197323201151,0
1395,18,Virtual,Bachillerato,0,30,55.0,648,19,6,3,99.6152558284138,0,0,34.10526315789474,0.5,0.6333333333333333,6.47543271670409,0
1396,44,Virtual,Bachillerato,1,60,48.0,426,7,5,1,58.05194294266696,1,1,60.857142857142854,0.2,0.23333333333333334,6.056784013228625,0
1397,34,Virtual,Técnico,1,90,31.0,81,10,8,1,81.58421741255742,0,0,8.1,0.125,0.3333333333333333,4.406719247264253,0
1398,28,Virtual,Técnico,0,30,58.0,954,24,6,5,78.34416886681079,0,0,39.75,0.8333333333333334,0.8,6.86171134048073,0
1399,34,Virtual,Técnico,1,60,29.0,157,8,6,1,60.10240221776254,1,0,19.625,0.16666666666666666,0.26666666666666666,5.062595033026967,0
1400,18,Semipresencial,Universitario,0,90,40.0,916,20,6,4,87.09817158005387,0,1,45.8,0.6666666666666666,0.6666666666666666,6.821107472256465,0
1401,38,Virtual,Bachillerato,1,60,28.0,164,7,7,0,,1,1,23.428571428571427,0.0,0.23333333333333334,5.10594547390058,1
1402,26,Virtual,Técnico,0,60,45.0,391,13,5,4,94.16986654680632,0,0,30.076923076923077,0.8,0.43333333333333335,5.971261839790462,0
1403,27,Semipresencial,Bachillerato,3,30,27.0,37,1,8,0,,0,1,37.0,0.0,0.03333333333333333,3.6375861597263857,1
1404,25,Virtual,Bachillerato,0,30,71.0,1829,20,4,4,100.0,0,0,91.45,1.0,0.6666666666666666,7.512071245835466,0
1405,24,Semipresencial,Bachillerato,1,30,79.0,453,21,4,4,98.48547828664321,0,0,21.571428571428573,1.0,0.7,6.118097198041348,0
1406,35,Virtual,Bachillerato,0,30,54.0,1060,20,6,2,47.86538480249646,0,0,53.0,0.3333333333333333,0.6666666666666666,6.966967138613983,0
1407,31,Virtual,Técnico,0,30,69.0,0,3,8,2,63.87387707193483,0,0,0.0,0.25,0.1,0.0,0
1408,34,Virtual,Técnico,1,30,1.0,546,17,4,1,71.753514977925,0,1,32.11764705882353,0.25,0.5666666666666667,6.304448802421981,0
1409,29,Virtual,Bachillerato,1,30,4.0,1089,17,7,2,61.384910885826976,0,0,64.05882352941177,0.2857142857142857,0.5666666666666667,6.993932975223189,0
1410,33,Semipresencial,Universitario,0,30,28.0,29,8,5,2,69.18143130520134,0,0,3.625,0.4,0.26666666666666666,3.4011973816621555,0
1411,26,Semipresencial,Bachillerato,0,120,36.0,877,18,4,3,79.5988841054133,0,0,48.72222222222222,0.75,0.6,6.777646593635117,0
1412,47,Semipresencial,Bachillerato,0,30,31.0,644,21,5,3,79.74565270531599,0,0,30.666666666666668,0.6,0.7,6.4692503167957724,0
1413,18,Semipresencial,Técnico,0,60,-1.0,39,3,7,3,,0,0,13.0,0.42857142857142855,0.1,3.6888794541139363,1
1414,39,Virtual,Bachillerato,0,90,60.0,618,11,7,3,86.00399916813393,0,0,56.18181818181818,0.42857142857142855,0.36666666666666664,6.428105272684596,0
1415,40,Semipresencial,Bachillerato,0,30,82.0,606,15,8,2,49.50149293678897,0,0,40.4,0.25,0.5,6.408528791059498,0
1416,22,Virtual,Técnico,0,60,63.0,192,6,8,3,58.41413138682421,1,1,32.0,0.375,0.2,5.262690188904886,0
1417,47,Semipresencial,Bachillerato,0,90,59.0,200,5,4,3,59.18854609787718,1,0,40.0,0.75,0.16666666666666666,5.303304908059076,0
1418,37,Virtual,Bachillerato,0,60,40.0,176,16,8,6,100.0,0,0,11.0,0.75,0.5333333333333333,5.176149732573829,0
1419,37,Virtual,Técnico,0,30,16.0,69,4,4,1,,1,1,17.25,0.25,0.13333333333333333,4.248495242049359,1
1420,29,Semipresencial,Bachillerato,0,60,37.0,560,15,8,6,59.73795920096984,0,0,37.333333333333336,0.75,0.5,6.329720905522696,0
1421,27,Semipresencial,Técnico,0,60,81.0,931,28,7,5,88.7684399933436,0,0,33.25,0.7142857142857143,0.9333333333333333,6.837332814685591,0
1422,27,Virtual,Técnico,0,60,27.0,127,3,8,1,49.99849113419796,1,1,42.333333333333336,0.125,0.1,4.852030263919617,0
1423,32,Virtual,Bachillerato,0,30,25.0,1614,18,4,2,66.8287326696299,0,0,89.66666666666667,0.5,0.6,7.387090235656757,0
1424,40,Virtual,Bachillerato,0,30,59.0,213,11,4,0,,0,1,19.363636363636363,0.0,0.36666666666666664,5.365976015021851,1
1425,30,Semipresencial,Bachillerato,0,90,61.0,341,10,8,3,78.91064210968483,0,0,34.1,0.375,0.3333333333333333,5.834810737062605,0
1426,22,Virtual,Técnico,0,60,16.0,625,16,5,3,81.83341931618035,0,0,39.0625,0.6,0.5333333333333333,6.439350371100098,0
1427,36,Virtual,Bachillerato,0,30,29.0,465,8,5,3,66.50017070176256,0,0,58.125,0.6,0.26666666666666666,6.144185634125646,0
1428,36,Virtual,Universitario,0,60,24.0,581,17,5,4,79.1510236488005,0,0,34.1764705882353,0.8,0.5666666666666667,6.366470447731438,0
1429,34,Virtual,Bachillerato,0,90,37.0,242,21,4,2,78.07712100842281,0,0,11.523809523809524,0.5,0.7,5.493061443340548,0
1430,35,Virtual,Técnico,1,30,59.0,758,22,4,2,69.61436371120455,0,0,34.45454545454545,0.5,0.7333333333333333,6.6320017773956295,0
1431,27,Virtual,Bachillerato,0,30,17.0,109,18,4,0,,0,0,6.055555555555555,0.0,0.6,4.700480365792417,1
1432,22,Semipresencial,Bachillerato,1,60,59.0,950,17,8,4,79.04697315420353,0,1,55.88235294117647,0.5,0.5666666666666667,6.85751406254539,0
1433,22,Semipresencial,Bachillerato,0,60,37.0,428,14,4,2,55.29765844119678,0,1,30.571428571428573,0.5,0.4666666666666667,6.061456918928017,0
1434,18,Semipresencial,Técnico,1,60,86.0,424,10,8,4,59.401788589775144,0,1,42.4,0.5,0.3333333333333333,6.052089168924417,0
1435,31,Virtual,Universitario,1,90,42.0,138,7,5,0,,1,1,19.714285714285715,0.0,0.23333333333333334,4.9344739331306915,1
1436,28,Virtual,Bachillerato,0,30,33.0,168,9,7,3,87.01985305239843,0,0,18.666666666666668,0.42857142857142855,0.3,5.1298987149230735,0
1437,25,Virtual,Bachillerato,0,60,48.0,596,14,5,1,72.44400260008703,0,0,42.57142857142857,0.2,0.4666666666666667,6.391917113392602,0
1438,18,Semipresencial,Bachillerato,0,60,28.0,258,7,8,1,55.55699169299348,0,1,36.857142857142854,0.125,0.23333333333333334,5.556828061699537,0
1439,19,Virtual,Bachillerato,1,60,-4.0,262,12,4,0,,0,0,21.833333333333332,0.0,0.4,5.572154032177765,1
1440,38,Virtual,Universitario,0,60,30.0,924,13,7,4,74.64623930170302,0,1,71.07692307692308,0.5714285714285714,0.43333333333333335,6.829793737512425,0
1441,24,Semipresencial,Universitario,0,90,29.0,301,8,8,5,88.07668528619197,0,0,37.625,0.625,0.26666666666666666,5.71042701737487,0
1442,32,Virtual,Universitario,1,30,-0.0,218,8,6,1,59.938371150068505,1,1,27.25,0.16666666666666666,0.26666666666666666,5.389071729816501,0
1443,18,Semipresencial,Bachillerato,1,60,33.0,347,9,6,4,89.62893626593257,1,0,38.55555555555556,0.6666666666666666,0.3,5.8522024797744745,0
1444,41,Virtual,Bachillerato,1,30,-10.0,365,13,4,1,44.385935811142645,0,0,28.076923076923077,0.25,0.43333333333333335,5.902633333401366,0
1445,28,Virtual,Técnico,0,60,27.0,863,19,8,5,71.52571351890647,0,1,45.421052631578945,0.625,0.6333333333333333,6.761572768804055,0
1446,31,Virtual,Bachillerato,0,60,40.0,286,13,8,6,85.94485603962534,0,0,22.0,0.75,0.43333333333333335,5.659482215759621,0
1447,48,Virtual,Técnico,0,60,37.0,682,13,6,3,79.07213426402618,0,0,52.46153846153846,0.5,0.43333333333333335,6.52649485957079,0
1448,41,Semipresencial,Bachillerato,0,30,26.0,486,17,7,4,100.0,1,0,28.58823529411765,0.5714285714285714,0.5666666666666667,6.18826412308259,0
1449,27,Virtual,Bachillerato,0,120,33.0,81,3,7,4,48.67132608607072,0,0,27.0,0.5714285714285714,0.1,4.406719247264253,0
1450,24,Virtual,Universitario,1,90,18.0,285,17,5,3,75.75309697163422,0,0,16.764705882352942,0.6,0.5666666666666667,5.655991810819852,0
1451,26,Semipresencial,Bachillerato,3,90,35.0,167,3,4,0,,0,1,55.666666666666664,0.0,0.1,5.123963979403259,1
1452,33,Virtual,Universitario,0,90,36.0,146,3,4,3,80.00406334904484,0,1,48.666666666666664,0.75,0.1,4.990432586778736,0
1453,28,Semipresencial,Bachillerato,3,30,15.0,179,10,8,2,73.79912745546211,0,1,17.9,0.25,0.3333333333333333,5.19295685089021,0
1454,26,Virtual,Bachillerato,0,60,41.0,304,23,7,3,86.4510216577759,0,0,13.217391304347826,0.42857142857142855,0.7666666666666667,5.720311776607412,0
1455,41,Semipresencial,Bachillerato,2,30,41.0,308,10,4,2,46.25182814161164,1,0,30.8,0.5,0.3333333333333333,5.733341276897746,0
1456,28,Virtual,Bachillerato,1,90,31.0,382,9,8,3,81.6051133673225,0,0,42.44444444444444,0.375,0.3,5.948034989180646,0
1457,47,Virtual,Bachillerato,1,30,88.0,649,17,8,4,90.42035629293,0,0,38.1764705882353,0.5,0.5666666666666667,6.476972362889683,0
1458,30,Virtual,Bachillerato,1,30,32.0,447,8,6,2,64.2235614730531,0,0,55.875,0.3333333333333333,0.26666666666666666,6.104793232414985,0
1459,43,Virtual,Técnico,0,60,29.0,379,8,6,1,38.32015035879534,0,0,47.375,0.16666666666666666,0.26666666666666666,5.940171252720432,0
1460,32,Virtual,Universitario,0,30,26.0,150,6,8,2,57.98057229215635,1,1,25.0,0.25,0.2,5.017279836814924,0
1461,37,Virtual,Bachillerato,0,60,14.0,1875,16,8,3,75.67473585492067,0,0,117.1875,0.375,0.5333333333333333,7.53689712956617,0
1462,23,Virtual,Bachillerato,0,30,50.0,458,22,5,1,78.65861216084964,0,0,20.818181818181817,0.2,0.7333333333333333,6.129050210060545,0
1463,22,Semipresencial,Bachillerato,1,60,20.0,369,27,6,3,56.60462650501327,0,0,13.666666666666666,0.5,0.9,5.91350300563827,0
1464,33,Virtual,Técnico,1,90,23.0,737,16,8,6,72.070745427988,0,0,46.0625,0.75,0.5333333333333333,6.6039438246004725,0
1465,37,Virtual,Técnico,0,60,23.0,447,6,8,0,,0,1,74.5,0.0,0.2,6.104793232414985,1
1466,29,Semipresencial,Bachillerato,1,30,13.0,839,15,7,4,91.98546656241635,0,0,55.93333333333333,0.5714285714285714,0.5,6.733401891837359,0
1467,19,Virtual,Bachillerato,0,30,-4.0,250,9,7,2,67.97347204910052,0,0,27.77777777777778,0.2857142857142857,0.3,5.5254529391317835,0
1468,18,Semipresencial,Bachillerato,1,30,25.0,531,23,7,5,97.57500370630041,0,0,23.08695652173913,0.7142857142857143,0.7666666666666667,6.2766434893416445,0
1469,18,Semipresencial,Bachillerato,0,30,54.0,626,15,5,1,68.31337525207584,0,0,41.733333333333334,0.2,0.5,6.440946540632921,0
1470,18,Semipresencial,Bachillerato,1,60,39.0,383,12,8,5,85.90701709736746,0,0,31.916666666666668,0.625,0.4,5.950642552587727,0
1471,30,Semipresencial,Universitario,0,60,69.0,607,21,5,3,83.09146730158952,0,0,28.904761904761905,0.6,0.7,6.410174881966167,0
1472,38,Virtual,Bachillerato,0,30,52.0,959,14,8,5,84.20938251861861,0,0,68.5,0.625,0.4666666666666667,6.866933284461882,0
1473,29,Virtual,Bachillerato,0,30,47.0,312,24,8,6,74.03865687940257,0,0,13.0,0.75,0.8,5.746203190540153,0
1474,18,Virtual,Bachillerato,0,90,76.0,499,13,5,2,78.01564719167087,0,0,38.38461538461539,0.4,0.43333333333333335,6.214608098422191,0
1475,27,Semipresencial,Técnico,1,30,33.0,550,24,8,6,70.67176582537722,0,0,22.916666666666668,0.75,0.8,6.311734809152915,0
1476,28,Virtual,Bachillerato,0,30,36.0,454,15,8,5,,0,0,30.266666666666666,0.625,0.5,6.12029741895095,1
1477,46,Semipresencial,Bachillerato,0,60,35.0,292,17,6,3,70.08220355622034,0,0,17.176470588235293,0.5,0.5666666666666667,5.680172609017068,0
1478,18,Virtual,Bachillerato,0,30,69.0,785,27,6,5,97.95652631423351,0,0,29.074074074074073,0.8333333333333334,0.9,6.666956792429207,0
1479,26,Virtual,Técnico,0,90,35.0,429,4,6,2,50.43310601938282,0,1,107.25,0.3333333333333333,0.13333333333333333,6.063785208687608,0
1480,43,Virtual,Bachillerato,1,30,21.0,319,5,4,2,59.70670175111658,0,0,63.8,0.5,0.16666666666666666,5.768320995793772,0
1481,33,Virtual,Universitario,0,60,48.0,524,10,6,2,69.58231769923192,0,0,52.4,0.3333333333333333,0.3333333333333333,6.263398262591624,0
1482,34,Virtual,Bachillerato,0,60,17.0,530,16,7,4,86.56626531329788,0,0,33.125,0.5714285714285714,0.5333333333333333,6.274762021241939,0
1483,30,Virtual,Bachillerato,0,90,47.0,497,15,6,2,81.04216079257425,0,0,33.13333333333333,0.3333333333333333,0.5,6.210600077024653,0
1484,32,Semipresencial,Universitario,1,60,44.0,155,3,6,3,50.849116033921206,0,1,51.666666666666664,0.5,0.1,5.049856007249537,0
1485,35,Virtual,Técnico,0,60,31.0,420,9,6,1,40.269739497076415,0,0,46.666666666666664,0.16666666666666666,0.3,6.042632833682381,0
1486,23,Virtual,Bachillerato,0,60,47.0,694,14,6,3,61.99632401712237,0,0,49.57142857142857,0.5,0.4666666666666667,6.543911845564792,0
1487,36,Virtual,Universitario,0,60,2.0,1503,18,8,5,67.86270132765726,0,0,83.5,0.625,0.6,7.315883504509785,0
1488,18,Virtual,Bachillerato,0,60,39.0,550,19,6,5,100.0,0,0,28.94736842105263,0.8333333333333334,0.6333333333333333,6.311734809152915,0
1489,32,Virtual,Bachillerato,0,60,25.0,525,8,5,1,75.08249716376325,0,1,65.625,0.2,0.26666666666666666,6.26530121273771,0
1490,30,Virtual,Universitario,0,60,98.0,339,4,4,1,46.74059920178852,0,1,84.75,0.25,0.13333333333333333,5.8289456176102075,0
1491,24,Semipresencial,Técnico,1,30,38.0,926,18,8,5,98.17370903300213,0,0,51.44444444444444,0.625,0.6,6.831953565565855,0
1492,29,Virtual,Bachillerato,0,30,22.0,283,9,4,2,86.31598372219021,0,0,31.444444444444443,0.5,0.3,5.648974238161206,0
1493,24,Virtual,Técnico,0,60,5.0,792,16,6,4,61.57809903716071,0,0,49.5,0.6666666666666666,0.5333333333333333,6.675823221634848,0
1494,20,Virtual,Bachillerato,1,30,64.0,75,2,7,0,,0,1,37.5,0.0,0.06666666666666667,4.330733340286331,1
1495,26,Virtual,Bachillerato,0,60,27.0,1998,26,4,3,69.88888177247934,0,0,76.84615384615384,0.75,0.8666666666666667,7.6004023345004,0
1496,20,Semipresencial,Universitario,1,30,18.0,351,5,5,0,,1,1,70.2,0.0,0.16666666666666666,5.863631175598097,1
1497,32,Virtual,Bachillerato,1,60,42.0,243,7,7,1,53.48751691725421,0,1,34.714285714285715,0.14285714285714285,0.23333333333333334,5.497168225293202,0
1498,20,Semipresencial,Técnico,1,60,49.0,409,14,7,3,,1,0,29.214285714285715,0.42857142857142855,0.4666666666666667,6.016157159698354,1
1499,35,Virtual,Técnico,0,60,49.0,282,20,5,4,64.07927127987304,0,0,14.1,0.8,0.6666666666666666,5.645446897643238,0
1500,20,Virtual,Técnico,0,60,35.0,710,12,6,3,55.47313279037253,0,0,59.166666666666664,0.5,0.4,6.566672429803241,0
1501,24,Virtual,Bachillerato,0,30,39.0,331,10,7,4,77.33614422418755,0,1,33.1,0.5714285714285714,0.3333333333333333,5.805134968916488,0
1502,24,Virtual,Universitario,1,30,40.0,1036,13,5,3,81.41666983380159,0,0,79.6923076923077,0.6,0.43333333333333335,6.9440872082295275,0
1503,40,Semipresencial,Técnico,0,60,42.0,127,13,6,5,61.57893111190697,0,0,9.76923076923077,0.8333333333333334,0.43333333333333335,4.852030263919617,0
1504,32,Virtual,Técnico,1,90,44.0,204,11,5,1,42.27641578600685,0,1,18.545454545454547,0.2,0.36666666666666664,5.3230099791384085,0
1505,27,Semipresencial,Bachillerato,0,60,59.0,198,10,8,5,88.5189576790351,0,1,19.8,0.625,0.3333333333333333,5.293304824724492,0
1506,33,Semipresencial,Bachillerato,0,60,36.0,179,22,5,5,82.40776139314235,0,0,8.136363636363637,1.0,0.7333333333333333,5.19295685089021,0
1507,18,Virtual,Bachillerato,1,60,17.0,151,4,8,1,50.773610010353174,1,1,37.75,0.125,0.13333333333333333,5.0238805208462765,0
1508,29,Virtual,Bachillerato,0,60,32.0,270,15,8,8,77.41547942713422,0,0,18.0,1.0,0.5,5.602118820879701,0
1509,45,Virtual,Bachillerato,0,60,52.0,123,5,4,2,78.72778344631985,0,1,24.6,0.5,0.16666666666666666,4.820281565605037,0
1510,30,Virtual,Técnico,0,60,-4.0,436,26,8,6,65.59620927455856,0,0,16.76923076923077,0.75,0.8666666666666667,6.07993319509559,0
1511,30,Semipresencial,Universitario,2,30,-4.0,284,11,4,1,52.89649193054519,0,1,25.818181818181817,0.25,0.36666666666666664,5.652489180268651,0
1512,33,Virtual,Bachillerato,0,30,55.0,1194,17,5,5,100.0,0,0,70.23529411764706,1.0,0.5666666666666667,7.085901464365611,0
1513,36,Semipresencial,Bachillerato,0,60,68.0,274,6,4,2,76.62034325970633,0,0,45.666666666666664,0.5,0.2,5.616771097666572,0
1514,18,Virtual,Técnico,0,60,7.0,238,5,4,0,,0,1,47.6,0.0,0.16666666666666666,5.476463551931511,1
1515,18,Virtual,Bachillerato,1,60,37.0,609,17,6,3,63.965814286893675,0,1,35.8235294117647,0.5,0.5666666666666667,6.413458957167357,0
1516,31,Virtual,Universitario,0,60,26.0,169,8,7,4,70.31952741729881,0,1,21.125,0.5714285714285714,0.26666666666666666,5.135798437050262,0
1517,23,Virtual,Bachillerato,0,30,29.0,513,21,6,5,74.74445367314411,0,0,24.428571428571427,0.8333333333333334,0.7,6.2422232654551655,0
1518,39,Semipresencial,Bachillerato,0,90,42.0,361,12,6,3,71.39991104200709,0,0,30.083333333333332,0.5,0.4,5.891644211825771,0
1519,26,Virtual,Bachillerato,1,30,7.0,290,4,7,2,56.06263128062379,0,1,72.5,0.2857142857142857,0.13333333333333333,5.673323267171493,0
1520,18,Semipresencial,Universitario,0,90,11.0,561,23,6,4,79.96794225607283,1,0,24.391304347826086,0.6666666666666666,0.7666666666666667,6.331501849893691,0
1521,19,Semipresencial,Bachillerato,0,30,28.0,1262,22,6,5,100.0,0,0,57.36363636363637,0.8333333333333334,0.7333333333333333,7.141245122350491,0
1522,18,Semipresencial,Técnico,2,60,32.0,230,16,6,3,55.95419651385788,0,1,14.375,0.5,0.5333333333333333,5.442417710521793,0
1523,27,Virtual,Bachillerato,0,60,10.0,801,18,5,3,59.24735099291799,1,0,44.5,0.6,0.6,6.687108607866515,0
1524,27,Semipresencial,,0,30,52.0,741,11,7,3,63.0318818078123,0,0,67.36363636363636,0.42857142857142855,0.36666666666666664,6.60934924316738,0
1525,26,Virtual,Universitario,0,30,26.0,148,6,8,2,61.2879717034203,1,0,24.666666666666668,0.25,0.2,5.003946305945459,0
1526,38,Semipresencial,Bachillerato,0,30,26.0,263,10,5,2,66.41926091904236,0,0,26.3,0.4,0.3333333333333333,5.575949103146316,0
1527,39,Virtual,Bachillerato,2,60,41.0,360,7,6,1,49.36938914199744,1,1,51.42857142857143,0.16666666666666666,0.23333333333333334,5.8888779583328805,0
1528,28,Virtual,Bachillerato,0,30,32.0,1618,22,8,6,,0,0,73.54545454545455,0.75,0.7333333333333333,7.389563953677635,1
1529,18,Virtual,Universitario,0,90,53.0,657,12,5,2,57.00952020945882,0,1,54.75,0.4,0.4,6.489204931325317,0
1530,34,Virtual,Bachillerato,0,30,14.0,1258,16,6,3,68.93984582919472,0,0,78.625,0.5,0.5333333333333333,7.138073034044347,0
1531,33,Virtual,Bachillerato,0,60,4.0,621,17,5,3,72.34363208796336,0,0,36.529411764705884,0.6,0.5666666666666667,6.432940092739179,0
1532,31,Semipresencial,Universitario,0,30,28.0,247,7,5,5,100.0,0,0,35.285714285714285,1.0,0.23333333333333334,5.5134287461649825,0
1533,37,Virtual,Técnico,1,90,36.0,154,12,6,3,72.76699024179955,1,1,12.833333333333334,0.5,0.4,5.043425116919247,0
1534,20,Semipresencial,Universitario,1,90,8.0,46,3,8,3,53.509238088987985,1,1,15.333333333333334,0.375,0.1,3.8501476017100584,0
1535,45,Virtual,Técnico,0,120,4.0,455,14,4,3,96.3401566916349,0,0,32.5,0.75,0.4666666666666667,6.1224928095143865,0
1536,21,Semipresencial,Técnico,0,90,39.0,640,18,5,3,85.05534306277801,0,0,35.55555555555556,0.6,0.6,6.46302945692067,0
1537,35,Semipresencial,Bachillerato,1,30,18.0,533,12,8,4,53.30947676165784,0,1,44.416666666666664,0.5,0.4,6.280395838960195,0
1538,18,Virtual,Bachillerato,0,60,3.0,78,3,4,2,28.749926185459493,0,1,26.0,0.5,0.1,4.3694478524670215,0
1539,22,Semipresencial,Técnico,1,30,56.0,272,11,6,5,65.80185163549174,1,1,24.727272727272727,0.8333333333333334,0.36666666666666664,5.60947179518496,0
1540,41,Semipresencial,Técnico,0,90,21.0,1732,19,4,3,93.08921542074147,0,0,91.15789473684211,0.75,0.6333333333333333,7.457609289715606,0
1541,27,Semipresencial,Universitario,0,60,60.0,16,10,6,5,94.86448732165206,0,0,1.6,0.8333333333333334,0.3333333333333333,2.833213344056216,0
1542,36,Virtual,Técnico,0,60,36.0,73,1,7,2,38.48437548080644,0,0,73.0,0.2857142857142857,0.03333333333333333,4.304065093204169,0
1543,31,Virtual,Bachillerato,1,90,41.0,269,14,7,4,81.31801630353227,0,0,19.214285714285715,0.5714285714285714,0.4666666666666667,5.598421958998375,0
1544,28,Semipresencial,Bachillerato,0,90,30.0,173,21,6,5,97.66554479659042,0,0,8.238095238095237,0.8333333333333334,0.7,5.159055299214529,0
1545,40,Virtual,Técnico,0,120,-20.0,60,6,7,2,77.89764404337659,0,1,10.0,0.2857142857142857,0.2,4.110873864173311,0
1546,27,Semipresencial,Bachillerato,0,30,10.0,632,23,6,4,96.38806308543909,0,0,27.47826086956522,0.6666666666666666,0.7666666666666667,6.450470422144176,0
1547,18,Virtual,Técnico,1,30,32.0,301,8,7,0,,0,1,37.625,0.0,0.26666666666666666,5.71042701737487,1
1548,23,Semipresencial,Técnico,0,30,43.0,699,25,4,3,95.1103909393369,1,1,27.96,0.75,0.8333333333333334,6.551080335043404,0
1549,33,Virtual,Bachillerato,1,60,-4.0,771,18,4,4,97.35906267760491,0,0,42.833333333333336,1.0,0.6,6.648984550024776,0
1550,32,Virtual,Técnico,0,60,34.0,912,19,4,3,,0,0,48.0,0.75,0.6333333333333333,6.816735880594968,1
1551,18,Semipresencial,Técnico,0,30,10.0,547,14,6,3,83.54307636060804,0,0,39.07142857142857,0.5,0.4666666666666667,6.306275286948016,0
1552,23,Semipresencial,Universitario,1,90,40.0,561,14,5,3,58.51111935339179,0,1,40.07142857142857,0.6,0.4666666666666667,6.331501849893691,0
1553,24,Semipresencial,Bachillerato,0,30,35.0,573,20,5,2,71.53587085482086,0,0,28.65,0.4,0.6666666666666666,6.352629396319567,0
1554,26,Semipresencial,Técnico,1,60,,391,13,6,4,82.96193579322942,0,0,30.076923076923077,0.6666666666666666,0.43333333333333335,5.971261839790462,0
1555,18,Virtual,Bachillerato,1,90,58.0,38,6,8,3,78.44857833515067,0,0,6.333333333333333,0.375,0.2,3.6635616461296463,0
1556,24,Virtual,Bachillerato,0,60,45.0,1004,19,5,1,59.31474187014893,0,0,52.8421052631579,0.2,0.6333333333333333,6.912742820493176,0
1557,23,Virtual,Bachillerato,0,60,54.0,703,19,6,4,94.38230596137713,0,0,37.0,0.6666666666666666,0.6333333333333333,6.556778356158042,0
1558,35,Virtual,Universitario,0,30,27.0,127,3,6,2,58.950523494296775,1,1,42.333333333333336,0.3333333333333333,0.1,4.852030263919617,0
1559,35,Virtual,Universitario,0,30,97.0,222,15,7,2,,0,1,14.8,0.2857142857142857,0.5,5.407171771460119,1
1560,28,Semipresencial,Bachillerato,0,60,8.0,456,22,7,5,76.62663187401607,0,0,20.727272727272727,0.7142857142857143,0.7333333333333333,6.124683390894205,0
1561,26,Virtual,Técnico,2,60,23.0,300,12,8,4,75.3116588561173,1,1,25.0,0.5,0.4,5.707110264748875,0
1562,30,Virtual,Bachillerato,0,30,,190,12,7,3,68.74166103403827,0,1,15.833333333333334,0.42857142857142855,0.4,5.25227342804663,0
1563,22,Virtual,Técnico,0,120,52.0,554,16,8,4,60.57878576726731,1,0,34.625,0.5,0.5333333333333333,6.318968113746434,0
1564,20,Virtual,Bachillerato,0,60,46.0,251,7,7,3,65.29614292041204,0,0,35.857142857142854,0.42857142857142855,0.23333333333333334,5.529429087511423,0
1565,21,Virtual,Técnico,0,90,50.0,930,26,6,4,100.0,0,0,35.76923076923077,0.6666666666666666,0.8666666666666667,6.836259277277067,0
1566,24,Virtual,Bachillerato,1,60,-11.0,1083,21,6,4,68.65287429754254,0,0,51.57142857142857,0.6666666666666666,0.7,6.988413181999592,0
1567,20,Virtual,Técnico,0,120,70.0,42,2,6,0,,0,1,21.0,0.0,0.06666666666666667,3.7612001156935624,1
1568,30,Virtual,Bachillerato,0,30,31.0,1320,21,5,4,93.73491027918519,0,0,62.857142857142854,0.8,0.7,7.186144304522325,0
1569,35,Semipresencial,Técnico,0,30,62.0,249,6,5,2,45.366422772659355,1,0,41.5,0.4,0.2,5.521460917862246,0
1570,18,Virtual,Técnico,0,90,-10.0,351,14,7,5,,0,0,25.071428571428573,0.7142857142857143,0.4666666666666667,5.863631175598097,1
1571,29,Virtual,Bachillerato,0,90,41.0,186,6,7,2,79.61506723591651,0,1,31.0,0.2857142857142857,0.2,5.231108616854587,0
1572,27,Virtual,Bachillerato,0,60,23.0,100,25,4,4,100.0,0,0,4.0,1.0,0.8333333333333334,4.61512051684126,0
1573,32,Virtual,Universitario,0,30,48.0,705,18,8,6,85.26521613531884,0,0,39.166666666666664,0.75,0.6,6.559615237493242,0
1574,29,Virtual,Técnico,0,30,42.0,119,4,7,3,85.46165429921152,0,0,29.75,0.42857142857142855,0.13333333333333333,4.787491742782046,0
1575,18,Semipresencial,Bachillerato,1,60,43.0,537,15,6,3,87.39536967184586,1,1,35.8,0.5,0.5,6.2878585601617845,0
1576,19,Virtual,Bachillerato,0,90,12.0,118,6,6,3,62.90737384273437,1,0,19.666666666666668,0.5,0.2,4.77912349311153,0
1577,29,Virtual,Bachillerato,0,60,34.0,257,11,6,0,,0,1,23.363636363636363,0.0,0.36666666666666664,5.552959584921617,1
1578,37,Virtual,Técnico,0,30,31.0,1612,22,6,5,79.82658464837617,0,0,73.27272727272727,0.8333333333333334,0.7333333333333333,7.385851078125209,0
1579,18,Semipresencial,Técnico,1,60,46.0,176,7,6,0,,0,0,25.142857142857142,0.0,0.23333333333333334,5.176149732573829,1
1580,32,Virtual,Bachillerato,2,60,57.0,303,16,8,0,,0,1,18.9375,0.0,0.5333333333333333,5.717027701406222,1
1581,39,Virtual,Técnico,0,60,38.0,564,11,4,0,,0,0,51.27272727272727,0.0,0.36666666666666664,6.336825731146441,1
1582,28,Semipresencial,Técnico,0,60,7.0,355,12,5,3,72.86589804077842,0,1,29.583333333333332,0.6,0.4,5.87493073085203,0
1583,33,Virtual,Técnico,0,120,37.0,153,6,5,0,,0,1,25.5,0.0,0.2,5.0369526024136295,1
1584,23,Virtual,Bachillerato,0,30,,633,14,4,1,62.2121501324947,0,1,45.214285714285715,0.25,0.4666666666666667,6.452048954437226,0
1585,28,Virtual,Bachillerato,0,60,71.0,120,2,4,1,50.645457013135825,1,1,60.0,0.25,0.06666666666666667,4.795790545596741,0
1586,18,Virtual,Bachillerato,0,60,-20.0,696,13,8,3,68.90008970725863,0,1,53.53846153846154,0.375,0.43333333333333335,6.546785410760524,0
1587,18,Semipresencial,Bachillerato,0,60,36.0,437,6,7,4,87.41711481307921,0,0,72.83333333333333,0.5714285714285714,0.2,6.082218910376446,0
1588,37,Virtual,Bachillerato,0,90,56.0,487,18,5,3,66.95776617274642,0,0,27.055555555555557,0.6,0.6,6.1903154058531475,0
1589,21,Virtual,Bachillerato,0,60,31.0,330,7,5,1,68.8003289540485,0,1,47.142857142857146,0.2,0.23333333333333334,5.802118375377063,0
1590,25,Virtual,Bachillerato,1,60,25.0,404,6,6,2,62.5495732317159,1,0,67.33333333333333,0.3333333333333333,0.2,6.003887067106539,0
1591,18,Virtual,Técnico,0,30,29.0,619,7,7,3,71.62523148505821,0,0,88.42857142857143,0.42857142857142855,0.23333333333333334,6.429719478039138,0
1592,18,Semipresencial,Bachillerato,1,60,47.0,298,13,5,3,73.58149364814395,1,0,22.923076923076923,0.6,0.43333333333333335,5.700443573390686,0
1593,28,Virtual,,0,30,10.0,893,17,4,1,57.24119871577598,1,0,52.529411764705884,0.25,0.5666666666666667,6.795705775173515,0
1594,23,Semipresencial,Bachillerato,0,30,61.0,209,26,6,6,100.0,0,0,8.038461538461538,1.0,0.8666666666666667,5.3471075307174685,0
1595,32,Virtual,Técnico,0,60,34.0,294,8,6,2,70.29273823574889,0,0,36.75,0.3333333333333333,0.26666666666666666,5.68697535633982,0
1596,33,Virtual,Bachillerato,1,60,14.0,105,3,6,2,48.711034548111115,1,0,35.0,0.3333333333333333,0.1,4.663439094112067,0
1597,32,Virtual,Técnico,0,120,60.0,257,11,4,2,55.987825415449926,0,0,23.363636363636363,0.5,0.36666666666666664,5.552959584921617,0
1598,31,Semipresencial,Técnico,0,60,1.0,1461,16,8,2,66.32369552210885,0,0,91.3125,0.25,0.5333333333333333,7.2875606403097235,0
1599,42,Virtual,Bachillerato,0,90,23.0,885,17,7,3,,0,0,52.05882352941177,0.42857142857142855,0.5666666666666667,6.786716950605081,1
1600,20,Virtual,Técnico,0,60,22.0,134,5,7,2,72.66822345885316,1,1,26.8,0.2857142857142857,0.16666666666666666,4.90527477843843,0
1601,29,Semipresencial,Bachillerato,1,60,82.0,146,6,8,3,75.98987867992423,1,0,24.333333333333332,0.375,0.2,4.990432586778736,0
1602,38,Virtual,Técnico,0,120,,1548,26,6,5,97.42335667611842,0,0,59.53846153846154,0.8333333333333334,0.8666666666666667,7.3453648404168685,0
1603,39,Virtual,Bachillerato,0,60,-12.0,1033,18,6,5,85.40811450872404,0,0,57.388888888888886,0.8333333333333334,0.6,6.9411900550683745,0
1604,18,Virtual,,1,90,22.0,813,14,7,3,67.95986038811178,0,1,58.07142857142857,0.42857142857142855,0.4666666666666667,6.70196036600254,0
1605,27,Semipresencial,Bachillerato,0,60,45.0,524,13,7,5,66.37473584290963,0,0,40.30769230769231,0.7142857142857143,0.43333333333333335,6.263398262591624,0
1606,40,Virtual,Universitario,0,30,52.0,375,8,8,4,62.20825459475183,0,0,46.875,0.5,0.26666666666666666,5.929589143389895,0
1607,33,Virtual,Bachillerato,1,60,85.0,279,12,7,3,66.24676665545726,0,1,23.25,0.42857142857142855,0.4,5.634789603169249,0
1608,31,Virtual,Técnico,1,30,66.0,391,13,4,3,,1,1,30.076923076923077,0.75,0.43333333333333335,5.971261839790462,1
1609,27,Virtual,Bachillerato,2,30,39.0,27,0,5,0,,1,1,0.0,0.0,0.0,3.332204510175204,1
1610,26,Virtual,Bachillerato,0,30,15.0,256,10,6,2,48.66861976669864,0,1,25.6,0.3333333333333333,0.3333333333333333,5.54907608489522,0
1611,31,Virtual,Bachillerato,0,30,71.0,283,16,6,4,67.31570171264617,0,0,17.6875,0.6666666666666666,0.5333333333333333,5.648974238161206,0
1612,27,Virtual,Universitario,0,60,27.0,885,19,4,3,95.25712431200972,0,1,46.578947368421055,0.75,0.6333333333333333,6.786716950605081,0
1613,29,Virtual,Técnico,0,90,21.0,812,17,5,4,76.74986391789582,0,0,47.76470588235294,0.8,0.5666666666666667,6.70073110954781,0
1614,30,Semipresencial,Bachillerato,0,60,26.0,427,22,5,4,81.38581574355456,0,0,19.40909090909091,0.8,0.7333333333333333,6.059123195581797,0
1615,24,Virtual,Técnico,1,90,7.0,417,17,4,2,73.49042871960074,0,0,24.529411764705884,0.5,0.5666666666666667,6.035481432524756,0
1616,33,Virtual,Bachillerato,0,60,25.0,152,3,7,1,42.90432489064089,0,1,50.666666666666664,0.14285714285714285,0.1,5.030437921392435,0
1617,52,Semipresencial,Bachillerato,0,30,30.0,3012,20,5,3,94.07595913096911,0,0,150.6,0.6,0.6666666666666666,8.0106915391303,0
1618,18,Semipresencial,Bachillerato,0,30,51.0,298,8,7,2,47.17518133885508,1,0,37.25,0.2857142857142857,0.26666666666666666,5.700443573390686,0
1619,32,Virtual,Bachillerato,0,90,26.0,337,16,8,5,79.56828786902264,1,0,21.0625,0.625,0.5333333333333333,5.823045895483019,0
1620,23,Virtual,Bachillerato,0,60,7.0,592,6,8,4,60.31697964006054,0,1,98.66666666666667,0.5,0.2,6.385194398997726,0
1621,34,Virtual,Técnico,0,90,-0.0,362,16,8,7,90.92424994565644,0,0,22.625,0.875,0.5333333333333333,5.8944028342648505,0
1622,29,Virtual,Bachillerato,1,30,40.0,479,11,6,1,50.413760968645086,0,1,43.54545454545455,0.16666666666666666,0.36666666666666664,6.173786103901937,0
1623,35,Virtual,Universitario,1,60,37.0,367,20,5,1,62.31617761818689,0,1,18.35,0.2,0.6666666666666666,5.908082938168931,0
1624,38,Virtual,Técnico,0,60,23.0,429,12,4,1,77.75537098967021,0,0,35.75,0.25,0.4,6.063785208687608,0
1625,31,Virtual,Universitario,0,120,25.0,368,18,7,5,75.79349976988065,0,0,20.444444444444443,0.7142857142857143,0.6,5.910796644040527,0
1626,38,Virtual,Técnico,0,30,44.0,673,26,4,3,81.45075540895662,0,1,25.884615384615383,0.75,0.8666666666666667,6.513230110912307,0
1627,18,Virtual,Universitario,1,120,66.0,607,15,5,3,71.25918930732827,0,0,40.46666666666667,0.6,0.5,6.410174881966167,0
1628,42,Virtual,Bachillerato,0,60,18.0,579,9,5,2,84.83823256940408,0,0,64.33333333333333,0.4,0.3,6.363028103540465,0
1629,32,Virtual,Bachillerato,1,90,37.0,36,4,5,1,52.723087806491115,0,1,9.0,0.2,0.13333333333333333,3.6109179126442243,0
1630,38,Semipresencial,Bachillerato,1,60,56.0,384,9,5,4,94.16043131275188,1,0,42.666666666666664,0.8,0.3,5.953243334287785,0
1631,19,Semipresencial,Universitario,1,60,18.0,1002,25,5,4,86.02706292902,0,0,40.08,0.8,0.8333333333333334,6.910750787961936,0
1632,22,Virtual,Bachillerato,0,60,35.0,258,6,6,2,77.24231094611176,0,1,43.0,0.3333333333333333,0.2,5.556828061699537,0
1633,30,Virtual,Técnico,0,90,34.0,67,9,8,6,85.33869866394042,0,0,7.444444444444445,0.75,0.3,4.219507705176107,0
1634,29,Virtual,Técnico,0,30,6.0,1104,20,7,6,97.22622588991976,0,0,55.2,0.8571428571428571,0.6666666666666666,7.007600613951853,0
1635,31,Virtual,Bachillerato,1,60,39.0,280,6,7,4,51.785067932415735,0,0,46.666666666666664,0.5714285714285714,0.2,5.638354669333745,0
1636,38,Semipresencial,Universitario,0,60,36.0,494,14,4,1,45.19023011498872,0,1,35.285714285714285,0.25,0.4666666666666667,6.20455776256869,0
1637,18,Virtual,Bachillerato,0,60,47.0,846,9,4,3,93.2924181443384,0,0,94.0,0.75,0.3,6.741700694652055,0
1638,37,Virtual,Bachillerato,1,60,9.0,504,23,4,4,100.0,0,0,21.91304347826087,1.0,0.7666666666666667,6.22455842927536,0
1639,29,Virtual,Técnico,1,60,35.0,880,22,8,5,100.0,1,0,40.0,0.625,0.7333333333333333,6.78105762593618,0
1640,27,Virtual,Bachillerato,1,60,65.0,1289,15,4,3,62.918563862285545,0,0,85.93333333333334,0.75,0.5,7.162397497355718,0
1641,18,Virtual,Bachillerato,0,60,81.0,395,7,8,2,66.1795930260815,0,0,56.42857142857143,0.25,0.23333333333333334,5.981414211254481,0
1642,33,Virtual,Bachillerato,0,60,63.0,598,22,7,5,73.95700548263683,0,0,27.181818181818183,0.7142857142857143,0.7333333333333333,6.395261598115449,0
1643,18,Semipresencial,Bachillerato,0,60,9.0,179,5,8,2,50.362786478019544,0,1,35.8,0.25,0.16666666666666666,5.19295685089021,0
1644,34,Virtual,Técnico,2,90,45.0,130,2,5,0,,0,1,65.0,0.0,0.06666666666666667,4.875197323201151,1
1645,18,Virtual,Universitario,1,60,24.0,357,12,4,3,83.68826049105719,0,0,29.75,0.75,0.4,5.8805329864007,0
1646,29,Virtual,Bachillerato,0,30,41.0,93,7,4,3,71.38168712291642,0,0,13.285714285714286,0.75,0.23333333333333334,4.543294782270004,0
1647,28,Virtual,Bachillerato,0,60,18.0,591,21,8,7,,0,0,28.142857142857142,0.875,0.7,6.3835066348840055,1
1648,38,Virtual,Bachillerato,0,30,-3.0,161,3,6,0,,0,1,53.666666666666664,0.0,0.1,5.087596335232384,1
1649,28,Virtual,Universitario,0,30,27.0,132,5,6,2,75.95234646715517,0,0,26.4,0.3333333333333333,0.16666666666666666,4.890349128221754,0
1650,23,Semipresencial,Técnico,0,90,51.0,634,19,5,5,100.0,0,0,33.36842105263158,1.0,0.6333333333333333,6.453624998892692,0
1651,25,Virtual,Bachillerato,0,60,41.0,601,9,5,2,72.57241697855062,0,0,66.77777777777777,0.4,0.3,6.400257445308821,0
1652,39,Virtual,Bachillerato,1,60,44.0,124,2,5,1,51.00039584795641,0,1,62.0,0.2,0.06666666666666667,4.8283137373023015,0
1653,33,Virtual,Universitario,0,120,40.0,463,13,7,3,63.608531570373366,0,0,35.61538461538461,0.42857142857142855,0.43333333333333335,6.139884552226255,0
1654,26,Virtual,,0,30,44.0,254,7,8,4,76.31813837198797,0,1,36.285714285714285,0.5,0.23333333333333334,5.541263545158426,0
1655,27,Virtual,Bachillerato,1,30,47.0,449,20,6,5,74.05575799037695,0,0,22.45,0.8333333333333334,0.6666666666666666,6.1092475827643655,0
1656,18,Semipresencial,Técnico,1,30,29.0,1041,20,5,4,86.82954466933765,0,0,52.05,0.8,0.6666666666666666,6.948897222313312,0
1657,32,Virtual,Bachillerato,0,30,37.0,191,10,6,4,64.92520574798779,0,0,19.1,0.6666666666666666,0.3333333333333333,5.2574953720277815,0
1658,18,Virtual,Bachillerato,0,60,73.0,1352,13,4,1,63.15466175969816,0,1,104.0,0.25,0.43333333333333335,7.210079628170788,0
1659,35,Virtual,Técnico,2,60,38.0,205,8,4,0,,1,1,25.625,0.0,0.26666666666666666,5.327876168789581,1
1660,30,Virtual,Bachillerato,2,60,36.0,416,14,5,2,59.09323754160082,0,0,29.714285714285715,0.4,0.4666666666666667,6.0330862217988015,0
1661,48,Virtual,Bachillerato,1,30,37.0,1047,15,4,1,53.638563832166305,1,0,69.8,0.25,0.5,6.954638864880987,0
1662,20,Virtual,Universitario,0,60,30.0,464,13,4,2,63.59130364751849,0,1,35.69230769230769,0.5,0.43333333333333335,6.142037405587356,0
1663,28,Virtual,Universitario,0,30,25.0,398,10,5,3,74.25171578306713,0,0,39.8,0.6,0.3333333333333333,5.988961416889864,0
1664,43,Virtual,Bachillerato,2,60,40.0,326,17,8,3,35.514381969447186,0,1,19.176470588235293,0.375,0.5666666666666667,5.7899601708972535,0
1665,39,Semipresencial,Técnico,0,60,24.0,627,22,4,3,65.9702544408261,0,0,28.5,0.75,0.7333333333333333,6.4425401664681985,0
1666,23,Semipresencial,Técnico,0,30,32.0,1012,20,7,7,100.0,0,0,50.6,1.0,0.6666666666666666,6.920671504248683,0
1667,31,Semipresencial,Técnico,1,90,18.0,103,3,4,1,56.91974551010751,0,0,34.333333333333336,0.25,0.1,4.6443908991413725,0
1668,29,Semipresencial,Universitario,0,60,37.0,189,15,6,4,71.90293401165454,0,0,12.6,0.6666666666666666,0.5,5.247024072160486,0
1669,31,Semipresencial,Técnico,0,30,48.0,326,11,7,5,91.87969749973615,0,0,29.636363636363637,0.7142857142857143,0.36666666666666664,5.7899601708972535,0
1670,23,Semipresencial,Bachillerato,0,60,30.0,486,15,6,5,79.24653702720282,0,1,32.4,0.8333333333333334,0.5,6.18826412308259,0
1671,28,Semipresencial,Bachillerato,0,60,-9.0,278,8,7,4,66.15796592838008,0,0,34.75,0.5714285714285714,0.26666666666666666,5.631211781821365,0
1672,18,Semipresencial,Técnico,0,30,48.0,1414,22,5,3,72.49937669880804,0,0,64.27272727272727,0.6,0.7333333333333333,7.254884810077338,0
1673,30,Semipresencial,Universitario,0,30,38.0,596,6,7,4,94.8937109629816,0,1,99.33333333333333,0.5714285714285714,0.2,6.391917113392602,0
1674,33,Semipresencial,Bachillerato,0,60,13.0,431,11,6,4,81.20455414819928,0,0,39.18181818181818,0.6666666666666666,0.36666666666666664,6.068425588244111,0
1675,27,Virtual,Bachillerato,0,90,52.0,215,6,6,1,58.981863823519525,0,1,35.833333333333336,0.16666666666666666,0.2,5.375278407684165,0
1676,18,Virtual,,1,60,4.0,201,5,5,1,59.94681182745305,0,0,40.2,0.2,0.16666666666666666,5.308267697401205,0
1677,37,Virtual,Bachillerato,0,60,58.0,1469,23,8,6,65.91748610662478,1,0,63.869565217391305,0.75,0.7666666666666667,7.293017679772782,0
1678,32,Semipresencial,Bachillerato,2,60,34.0,355,14,8,2,51.071898380935714,0,1,25.357142857142858,0.25,0.4666666666666667,5.87493073085203,0
1679,23,Virtual,Universitario,0,60,-15.0,1125,22,6,4,89.89317567184409,0,0,51.13636363636363,0.6666666666666666,0.7333333333333333,7.026426808699636,0
1680,27,Semipresencial,Técnico,0,30,39.0,349,8,7,4,73.06498390583025,0,0,43.625,0.5714285714285714,0.26666666666666666,5.857933154483459,0
1681,18,Semipresencial,Universitario,0,60,26.0,993,17,8,5,100.0,0,0,58.411764705882355,0.625,0.5666666666666667,6.901737206656574,0
1682,21,Semipresencial,Técnico,0,90,23.0,386,21,5,2,67.32770109924478,0,1,18.38095238095238,0.4,0.7,5.958424693029782,0
1683,25,Virtual,Bachillerato,0,90,19.0,246,4,5,2,75.7181965629259,0,0,61.5,0.4,0.13333333333333333,5.5093883366279774,0
1684,39,Virtual,Universitario,0,90,32.0,209,6,7,2,70.82919434207221,0,0,34.833333333333336,0.2857142857142857,0.2,5.3471075307174685,0
1685,24,Semipresencial,Bachillerato,0,30,24.0,585,14,5,3,79.21385081396745,0,0,41.785714285714285,0.6,0.4666666666666667,6.373319789577012,0
1686,34,Semipresencial,Bachillerato,1,60,-6.0,255,20,4,2,77.8928413032915,0,1,12.75,0.5,0.6666666666666666,5.545177444479562,0
1687,25,Semipresencial,Universitario,0,60,63.0,46,3,6,2,57.83426187534529,1,0,15.333333333333334,0.3333333333333333,0.1,3.8501476017100584,0
1688,31,Virtual,Técnico,0,30,30.0,123,2,5,0,,0,1,61.5,0.0,0.06666666666666667,4.820281565605037,1
1689,28,Virtual,Universitario,1,30,19.0,969,22,6,4,85.62353655465232,0,0,44.04545454545455,0.6666666666666666,0.7333333333333333,6.877296071497429,0
1690,36,Virtual,Bachillerato,0,90,10.0,67,2,4,1,62.741140556972354,0,0,33.5,0.25,0.06666666666666667,4.219507705176107,0
1691,25,Semipresencial,Universitario,0,60,52.0,326,8,6,2,71.09441391686161,0,0,40.75,0.3333333333333333,0.26666666666666666,5.7899601708972535,0
1692,18,Virtual,Técnico,0,60,6.0,308,15,5,3,78.80715595720284,0,0,20.533333333333335,0.6,0.5,5.733341276897746,0
1693,18,Semipresencial,,2,30,38.0,147,8,6,1,63.37814627444095,0,1,18.375,0.16666666666666666,0.26666666666666666,4.997212273764115,0
1694,25,Semipresencial,Universitario,0,60,22.0,296,8,5,2,56.20812001844143,0,1,37.0,0.4,0.26666666666666666,5.6937321388027,0
1695,19,Virtual,Bachillerato,0,30,23.0,25,5,5,1,74.97065129968192,0,1,5.0,0.2,0.16666666666666666,3.258096538021482,0
1696,32,Virtual,Técnico,0,30,11.0,160,14,8,3,57.09501908919856,0,1,11.428571428571429,0.375,0.4666666666666667,5.081404364984463,0
1697,25,Virtual,Técnico,0,60,21.0,521,25,8,6,87.95592965617227,1,0,20.84,0.75,0.8333333333333334,6.257667587882639,0
1698,48,Semipresencial,,2,30,35.0,19,0,5,0,,1,1,0.0,0.0,0.0,2.995732273553991,1
1699,18,Virtual,Universitario,0,120,40.0,390,10,7,6,78.8919914340468,0,0,39.0,0.8571428571428571,0.3333333333333333,5.968707559985366,0
1700,31,Virtual,Técnico,0,60,18.0,1753,27,5,4,100.0,0,0,64.92592592592592,0.8,0.9,7.469654172932128,0
1701,20,Virtual,Bachillerato,0,30,33.0,779,20,4,4,91.88657471316799,0,0,38.95,1.0,0.6666666666666666,6.659293919683638,0
1702,25,Virtual,Bachillerato,0,30,55.0,248,12,4,3,83.51759632068449,0,0,20.666666666666668,0.75,0.4,5.517452896464707,0
1703,30,Semipresencial,Universitario,2,60,-2.0,384,9,8,3,58.026457340281084,0,1,42.666666666666664,0.375,0.3,5.953243334287785,0
1704,18,Virtual,Universitario,0,30,35.0,289,14,4,2,66.77820889645518,0,0,20.642857142857142,0.5,0.4666666666666667,5.66988092298052,0
1705,31,Virtual,Universitario,0,30,14.0,120,3,6,1,81.99623505033423,0,1,40.0,0.16666666666666666,0.1,4.795790545596741,0
1706,44,Virtual,Bachillerato,1,60,12.0,404,16,5,3,65.52302877689874,0,1,25.25,0.6,0.5333333333333333,6.003887067106539,0
1707,25,Virtual,Bachillerato,0,30,41.0,416,24,7,7,70.76665437346178,0,0,17.333333333333332,1.0,0.8,6.0330862217988015,0
1708,31,Virtual,Técnico,0,60,23.0,2816,24,4,3,79.05636489153879,0,1,117.33333333333333,0.75,0.8,7.943427767876373,0
1709,37,Semipresencial,Técnico,0,60,8.0,212,10,6,4,79.40888399625935,0,0,21.2,0.6666666666666666,0.3333333333333333,5.3612921657094255,0
1710,28,Virtual,Bachillerato,0,30,64.0,253,22,5,3,77.37776278943613,1,0,11.5,0.6,0.7333333333333333,5.537334267018537,0
1711,24,Virtual,Técnico,0,90,55.0,1056,22,6,4,96.65624123567375,0,0,48.0,0.6666666666666666,0.7333333333333333,6.963189985870238,0
1712,18,Virtual,Bachillerato,0,60,-8.0,197,19,4,4,100.0,0,0,10.368421052631579,1.0,0.6333333333333333,5.288267030694535,0
1713,34,Virtual,Bachillerato,1,60,3.0,348,8,4,1,54.079306597951884,0,0,43.5,0.25,0.26666666666666666,5.855071922202427,0
1714,28,Semipresencial,Bachillerato,0,30,48.0,791,16,4,1,45.11326504622741,0,0,49.4375,0.25,0.5333333333333333,6.674561391814426,0
1715,21,Virtual,Bachillerato,1,60,29.0,191,4,6,2,43.468878255614065,1,0,47.75,0.3333333333333333,0.13333333333333333,5.2574953720277815,0
1716,30,Semipresencial,Bachillerato,0,30,68.0,494,16,7,3,71.69928571761355,0,0,30.875,0.42857142857142855,0.5333333333333333,6.20455776256869,0
1717,24,Virtual,Universitario,0,60,49.0,169,5,8,1,35.72588502289276,0,1,33.8,0.125,0.16666666666666666,5.135798437050262,0
1718,25,Virtual,Técnico,0,30,42.0,260,14,8,2,59.7865417946092,0,0,18.571428571428573,0.25,0.4666666666666667,5.564520407322694,0
1719,34,Virtual,Universitario,1,120,13.0,665,10,7,1,71.98420486980774,0,1,66.5,0.14285714285714285,0.3333333333333333,6.501289670540389,0
1720,18,Virtual,Bachillerato,0,30,46.0,297,9,4,1,65.56399769782921,0,1,33.0,0.25,0.3,5.697093486505405,0
1721,37,Semipresencial,Bachillerato,0,90,7.0,711,15,7,3,72.0837294532932,0,0,47.4,0.42857142857142855,0.5,6.568077911411976,0
1722,18,Virtual,Bachillerato,0,90,64.0,631,11,7,3,56.84644285528332,0,1,57.36363636363637,0.42857142857142855,0.36666666666666664,6.448889394146858,0
1723,24,Virtual,Técnico,0,60,44.0,467,16,7,3,74.26656619716691,0,0,29.1875,0.42857142857142855,0.5333333333333333,6.148468295917647,0
1724,44,Virtual,Bachillerato,2,30,17.0,70,7,7,1,47.17628183045593,0,1,10.0,0.14285714285714285,0.23333333333333334,4.2626798770413155,0
1725,38,Virtual,Técnico,0,60,53.0,148,2,7,3,67.24935502951122,0,0,74.0,0.42857142857142855,0.06666666666666667,5.003946305945459,0
1726,30,Semipresencial,Técnico,0,120,84.0,495,16,6,5,96.19184059968632,0,0,30.9375,0.8333333333333334,0.5333333333333333,6.206575926724928,0
1727,21,Semipresencial,Universitario,1,60,30.0,223,7,7,1,64.05605532922402,0,0,31.857142857142858,0.14285714285714285,0.23333333333333334,5.4116460518550396,0
1728,25,Virtual,Bachillerato,0,60,47.0,448,17,7,4,79.61097305174962,0,1,26.352941176470587,0.5714285714285714,0.5666666666666667,6.1070228877422545,0
1729,30,Semipresencial,Bachillerato,1,30,25.0,660,12,4,3,85.24307514766242,0,0,55.0,0.75,0.4,6.493753839851687,0
1730,29,Semipresencial,Bachillerato,0,90,37.0,378,24,6,3,73.05623208920233,0,1,15.75,0.5,0.8,5.937536205082426,0
1731,28,Virtual,Bachillerato,1,30,2.0,413,12,4,1,73.69083109437963,0,0,34.416666666666664,0.25,0.4,6.025865973825314,0
1732,29,Virtual,Técnico,0,30,35.0,396,19,8,4,65.80451477391306,1,0,20.842105263157894,0.5,0.6333333333333333,5.983936280687191,0
1733,27,Virtual,Bachillerato,0,30,36.0,378,11,8,3,64.81037980990156,0,0,34.36363636363637,0.375,0.36666666666666664,5.937536205082426,0
1734,18,Semipresencial,Técnico,1,60,75.0,460,7,4,1,72.18941256800315,0,0,65.71428571428571,0.25,0.23333333333333334,6.133398042996649,0
1735,25,Semipresencial,Bachillerato,1,90,-4.0,858,15,8,7,79.72005091631083,0,0,57.2,0.875,0.5,6.755768921984256,0
1736,36,Virtual,Universitario,0,90,29.0,170,5,6,1,39.99390532361562,0,1,34.0,0.16666666666666666,0.16666666666666666,5.14166355650266,0
1737,18,Semipresencial,Universitario,0,30,63.0,496,13,7,5,76.36385415840137,0,0,38.15384615384615,0.7142857142857143,0.43333333333333335,6.208590026096629,0
1738,27,Semipresencial,Bachillerato,0,60,30.0,153,4,7,1,71.32938277312218,0,1,38.25,0.14285714285714285,0.13333333333333333,5.0369526024136295,0
1739,22,Virtual,Universitario,0,90,31.0,404,20,4,3,59.25116487187597,0,0,20.2,0.75,0.6666666666666666,6.003887067106539,0
1740,30,Virtual,Bachillerato,0,60,17.0,1122,26,8,5,,1,0,43.15384615384615,0.625,0.8666666666666667,7.023758954738443,1
1741,26,Semipresencial,Técnico,0,30,14.0,296,14,7,5,74.23481481405635,0,1,21.142857142857142,0.7142857142857143,0.4666666666666667,5.6937321388027,0
1742,41,Semipresencial,Universitario,0,60,-5.0,363,15,6,2,65.90505744695983,0,0,24.2,0.3333333333333333,0.5,5.8971538676367405,0
1743,33,Virtual,Técnico,1,60,21.0,184,11,7,4,67.581757513625,0,1,16.727272727272727,0.5714285714285714,0.36666666666666664,5.220355825078325,0
1744,19,Virtual,Técnico,0,120,13.0,663,14,8,4,85.22579902063269,1,0,47.357142857142854,0.5,0.4666666666666667,6.498282149476434,0
1745,34,Virtual,Bachillerato,0,60,38.0,1364,25,7,5,88.53855378845743,0,0,54.56,0.7142857142857143,0.8333333333333334,7.21890970761906,0
1746,23,Virtual,Técnico,0,30,18.0,572,15,7,4,89.09070292611031,1,0,38.13333333333333,0.5714285714285714,0.5,6.35088571671474,0
1747,24,Virtual,Técnico,0,60,24.0,675,21,8,8,100.0,0,0,32.142857142857146,1.0,0.7,6.516193076042964,0
1748,32,Virtual,Bachillerato,0,30,25.0,578,21,7,4,80.62304978138219,0,0,27.523809523809526,0.5714285714285714,0.7,6.361302477572996,0
1749,25,Virtual,Bachillerato,0,90,34.0,945,20,4,2,72.68602589240577,0,0,47.25,0.5,0.6666666666666666,6.852242569051878,0
1750,36,Virtual,Técnico,0,60,23.0,1249,18,8,5,85.1762067840594,0,0,69.38888888888889,0.625,0.6,7.1308988302963465,0
1751,23,Virtual,Técnico,0,30,12.0,85,5,8,4,75.59224343461098,0,0,17.0,0.5,0.16666666666666666,4.454347296253507,0
1752,24,Virtual,Bachillerato,1,60,37.0,365,11,7,3,52.49622516102045,0,1,33.18181818181818,0.42857142857142855,0.36666666666666664,5.902633333401366,0
1753,24,Semipresencial,Universitario,0,30,58.0,302,15,4,3,86.58276570133054,0,0,20.133333333333333,0.75,0.5,5.713732805509369,0
1754,24,Virtual,Técnico,0,30,38.0,156,5,6,0,,0,1,31.2,0.0,0.16666666666666666,5.056245805348308,1
1755,38,Virtual,Bachillerato,0,60,22.0,411,16,4,1,60.25581843151642,0,0,25.6875,0.25,0.5333333333333333,6.021023349349527,0
1756,34,Virtual,Bachillerato,0,60,32.0,431,13,7,6,78.4300888395766,0,1,33.15384615384615,0.8571428571428571,0.43333333333333335,6.068425588244111,0
1757,43,Virtual,Técnico,0,90,-10.0,447,8,8,3,,0,0,55.875,0.375,0.26666666666666666,6.104793232414985,1
1758,47,Virtual,Técnico,0,60,32.0,621,11,4,3,96.61769021452929,0,0,56.45454545454545,0.75,0.36666666666666664,6.432940092739179,0
1759,21,Virtual,Técnico,0,30,26.0,70,2,4,1,53.23208964515501,0,1,35.0,0.25,0.06666666666666667,4.2626798770413155,0
1760,30,Virtual,Bachillerato,0,60,14.0,792,20,8,6,100.0,0,0,39.6,0.75,0.6666666666666666,6.675823221634848,0
1761,20,Virtual,Técnico,0,60,18.0,1302,19,7,3,75.30803326415636,0,1,68.52631578947368,0.42857142857142855,0.6333333333333333,7.172424577124845,0
1762,23,Virtual,Técnico,2,30,26.0,228,6,8,2,40.207424529221896,0,1,38.0,0.25,0.2,5.43372200355424,0
1763,24,Virtual,Universitario,0,90,57.0,122,7,5,2,68.339216796027,0,0,17.428571428571427,0.4,0.23333333333333334,4.812184355372417,0
1764,21,Semipresencial,Bachillerato,0,120,59.0,1073,20,7,4,65.4592509989677,0,1,53.65,0.5714285714285714,0.6666666666666666,6.97914527506881,0
1765,21,Semipresencial,Técnico,0,30,15.0,221,4,8,3,70.73574759352383,1,0,55.25,0.375,0.13333333333333333,5.402677381872279,0
1766,28,Virtual,Bachillerato,2,90,24.0,378,9,4,0,,0,1,42.0,0.0,0.3,5.937536205082426,1
1767,19,Virtual,Bachillerato,0,60,24.0,144,4,5,2,74.66218209315879,0,0,36.0,0.4,0.13333333333333333,4.976733742420574,0
1768,36,Virtual,Técnico,1,30,53.0,103,2,5,0,,1,1,51.5,0.0,0.06666666666666667,4.6443908991413725,1
1769,22,Virtual,Técnico,0,60,38.0,1485,13,6,2,45.99252507343468,0,1,114.23076923076923,0.3333333333333333,0.43333333333333335,7.303843225277705,0
1770,51,Virtual,Bachillerato,0,30,37.0,221,21,5,4,83.41625314979079,0,0,10.523809523809524,0.8,0.7,5.402677381872279,0
1771,25,Virtual,Técnico,0,30,47.0,331,11,5,2,53.73647998392417,0,0,30.09090909090909,0.4,0.36666666666666664,5.805134968916488,0
1772,30,Virtual,Bachillerato,0,120,22.0,197,8,5,3,100.0,0,0,24.625,0.6,0.26666666666666666,5.288267030694535,0
1773,19,Virtual,,0,60,65.0,37,4,4,0,,0,1,9.25,0.0,0.13333333333333333,3.6375861597263857,1
1774,43,Virtual,Bachillerato,0,30,35.0,1771,21,7,5,69.91151009950066,0,0,84.33333333333333,0.7142857142857143,0.7,7.4798641311650265,0
1775,38,Semipresencial,Bachillerato,2,60,16.0,62,2,7,2,79.84120642294381,1,1,31.0,0.2857142857142857,0.06666666666666667,4.143134726391533,0
1776,31,Semipresencial,Técnico,0,120,30.0,423,25,8,5,75.78712592024493,0,0,16.92,0.625,0.8333333333333334,6.049733455231958,0
1777,18,Virtual,Universitario,0,60,62.0,155,8,6,3,50.93767202169377,0,0,19.375,0.5,0.26666666666666666,5.049856007249537,0
1778,31,Virtual,Técnico,0,90,26.0,417,16,7,2,52.756352002006864,0,0,26.0625,0.2857142857142857,0.5333333333333333,6.035481432524756,0
1779,20,Virtual,Bachillerato,1,90,56.0,411,10,5,2,66.41829423090687,0,1,41.1,0.4,0.3333333333333333,6.021023349349527,0
1780,41,Semipresencial,Bachillerato,1,60,21.0,604,19,5,2,70.19896914477106,0,0,31.789473684210527,0.4,0.6333333333333333,6.405228458030842,0
1781,35,Virtual,Bachillerato,0,60,18.0,377,16,6,4,71.10130216014632,0,0,23.5625,0.6666666666666666,0.5333333333333333,5.934894195619588,0
1782,30,Virtual,Técnico,1,60,50.0,439,12,8,2,54.27942692377837,0,0,36.583333333333336,0.25,0.4,6.0867747269123065,0
1783,18,Virtual,Bachillerato,1,60,16.0,375,12,6,2,63.903638974077,0,1,31.25,0.3333333333333333,0.4,5.929589143389895,0
1784,21,Semipresencial,Bachillerato,0,60,53.0,379,6,8,4,85.18695262401819,0,0,63.166666666666664,0.5,0.2,5.940171252720432,0
1785,35,Virtual,Técnico,0,30,43.0,477,22,5,3,85.89934728565795,0,0,21.681818181818183,0.6,0.7333333333333333,6.169610732491456,0
1786,39,Virtual,Técnico,1,30,16.0,285,12,7,4,65.55629547516526,1,0,23.75,0.5714285714285714,0.4,5.655991810819852,0
1787,38,Virtual,Bachillerato,1,60,33.0,1143,23,5,3,76.7088989164314,0,1,49.69565217391305,0.6,0.7666666666666667,7.042286171939743,0
1788,18,Virtual,Bachillerato,0,60,23.0,95,4,5,2,73.63651917244665,0,1,23.75,0.4,0.13333333333333333,4.564348191467836,0
1789,31,Virtual,Técnico,2,60,43.0,36,1,8,0,,0,1,36.0,0.0,0.03333333333333333,3.6109179126442243,1
1790,37,Virtual,Bachillerato,1,60,77.0,47,1,7,0,,0,1,47.0,0.0,0.03333333333333333,3.8712010109078907,1
1791,18,Virtual,Bachillerato,0,30,27.0,761,19,6,4,96.1526478345491,0,0,40.05263157894737,0.6666666666666666,0.6333333333333333,6.635946555686647,0
1792,29,Virtual,Universitario,0,30,47.0,311,25,6,6,94.99665995099204,1,0,12.44,1.0,0.8333333333333334,5.7430031878094825,0
1793,31,Virtual,Bachillerato,1,90,36.0,786,16,7,5,60.45213517036605,0,0,49.125,0.7142857142857143,0.5333333333333333,6.668228248417403,0
1794,27,Semipresencial,Bachillerato,0,60,36.0,199,19,4,3,64.08318342647146,0,0,10.473684210526315,0.75,0.6333333333333333,5.298317366548036,0
1795,18,Virtual,Bachillerato,0,90,31.0,172,6,8,1,71.06009551557844,0,1,28.666666666666668,0.125,0.2,5.153291594497779,0
1796,26,Virtual,,0,30,16.0,563,16,7,3,89.52600238618568,0,0,35.1875,0.42857142857142855,0.5333333333333333,6.335054251498059,0
1797,26,Virtual,Bachillerato,2,60,42.0,541,7,5,0,,0,1,77.28571428571429,0.0,0.23333333333333334,6.295266001439646,1
1798,28,Virtual,Bachillerato,0,90,29.0,975,15,7,4,74.4185499265125,0,0,65.0,0.5714285714285714,0.5,6.883462586413092,0
1799,24,Virtual,Técnico,1,30,15.0,198,6,8,1,30.66169254644705,1,1,33.0,0.125,0.2,5.293304824724492,0
1800,25,Semipresencial,Bachillerato,0,30,57.0,236,8,5,1,68.14449134860135,0,0,29.5,0.2,0.26666666666666666,5.4680601411351315,0
1801,29,Virtual,,2,60,37.0,239,6,5,1,51.55943419795648,1,0,39.833333333333336,0.2,0.2,5.480638923341991,0
1802,33,Semipresencial,Universitario,0,60,30.0,1288,15,8,5,60.37267301717664,0,1,85.86666666666666,0.625,0.5,7.161622002939187,0
1803,27,Virtual,Bachillerato,1,120,64.0,1354,24,5,3,82.45688909301745,0,0,56.416666666666664,0.6,0.8,7.2115567333138015,0
1804,26,Virtual,Bachillerato,0,90,-5.0,54,1,8,1,35.62677092725147,1,0,54.0,0.125,0.03333333333333333,4.007333185232471,0
1805,30,Virtual,Técnico,1,60,63.0,296,7,8,2,64.03996016086862,0,1,42.285714285714285,0.25,0.23333333333333334,5.6937321388027,0
1806,18,Virtual,Universitario,0,30,16.0,755,21,6,4,70.8896580567217,0,0,35.95238095238095,0.6666666666666666,0.7,6.628041376179533,0
1807,33,Virtual,Universitario,0,60,40.0,104,7,4,0,,0,1,14.857142857142858,0.0,0.23333333333333334,4.653960350157523,1
1808,29,Virtual,Bachillerato,0,90,22.0,87,20,4,2,69.16361031455469,0,0,4.35,0.5,0.6666666666666666,4.477336814478207,0
1809,29,Virtual,Bachillerato,0,60,15.0,677,23,5,4,61.661609686583006,0,0,29.434782608695652,0.8,0.7666666666666667,6.519147287940395,0
1810,37,Virtual,Bachillerato,0,120,64.0,207,10,4,3,92.95393567121965,0,0,20.7,0.75,0.3333333333333333,5.337538079701318,0
1811,18,Virtual,Técnico,0,60,76.0,768,22,7,4,93.42549838360709,0,1,34.90909090909091,0.5714285714285714,0.7333333333333333,6.645090969505644,0
1812,18,Semipresencial,Técnico,1,30,30.0,543,14,7,4,67.15288531332867,1,0,38.785714285714285,0.5714285714285714,0.4666666666666667,6.298949246855942,0
1813,31,Virtual,Bachillerato,0,60,42.0,196,12,6,1,63.22643387816071,0,1,16.333333333333332,0.16666666666666666,0.4,5.2832037287379885,0
1814,29,Virtual,Técnico,0,60,36.0,389,11,8,5,82.0581354177613,0,0,35.36363636363637,0.625,0.36666666666666664,5.966146739123692,0
1815,30,Virtual,Bachillerato,0,30,73.0,755,19,4,2,82.09587342559888,0,1,39.73684210526316,0.5,0.6333333333333333,6.628041376179533,0
1816,25,Virtual,Técnico,1,60,-11.0,631,16,6,4,98.84051532774875,0,0,39.4375,0.6666666666666666,0.5333333333333333,6.448889394146858,0
1817,34,Virtual,Bachillerato,0,60,43.0,444,18,5,3,84.70157768144277,0,0,24.666666666666668,0.6,0.6,6.09807428216624,0
1818,36,Virtual,Técnico,1,30,19.0,761,17,4,4,87.05811447013194,0,0,44.76470588235294,1.0,0.5666666666666667,6.635946555686647,0
1819,33,Virtual,Técnico,0,60,-17.0,729,17,6,2,74.15166063034343,0,1,42.88235294117647,0.3333333333333333,0.5666666666666667,6.593044534142437,0
1820,27,Semipresencial,Técnico,1,60,27.0,1035,25,4,2,71.59062391151512,0,0,41.4,0.5,0.8333333333333334,6.943122422819428,0
1821,18,Virtual,Bachillerato,1,60,76.0,116,7,4,0,,1,1,16.571428571428573,0.0,0.23333333333333334,4.762173934797756,1
1822,35,Virtual,Técnico,1,60,21.0,395,5,5,2,76.58688408311612,1,1,79.0,0.4,0.16666666666666666,5.981414211254481,0
1823,39,Virtual,Técnico,1,120,52.0,474,7,4,1,63.75992585330134,0,1,67.71428571428571,0.25,0.23333333333333334,6.163314804034641,0
1824,34,Virtual,Bachillerato,0,90,61.0,588,16,7,4,55.17485131283189,0,0,36.75,0.5714285714285714,0.5333333333333333,6.3784261836515865,0
1825,22,Virtual,Bachillerato,1,60,35.0,195,10,7,4,63.01030009126565,1,0,19.5,0.5714285714285714,0.3333333333333333,5.278114659230518,0
1826,34,Virtual,Técnico,1,30,38.0,228,9,6,1,64.37502516039822,1,1,25.333333333333332,0.16666666666666666,0.3,5.43372200355424,0
1827,36,Virtual,Bachillerato,0,60,-3.0,604,13,7,1,40.812676401675695,0,0,46.46153846153846,0.14285714285714285,0.43333333333333335,6.405228458030842,0
1828,41,Virtual,Bachillerato,0,30,19.0,263,19,4,3,76.91480168996497,0,0,13.842105263157896,0.75,0.6333333333333333,5.575949103146316,0
1829,22,Virtual,Bachillerato,1,90,55.0,495,10,7,4,100.0,1,1,49.5,0.5714285714285714,0.3333333333333333,6.206575926724928,0
1830,27,Semipresencial,Bachillerato,0,60,36.0,215,14,6,4,76.06032669887236,0,0,15.357142857142858,0.6666666666666666,0.4666666666666667,5.375278407684165,0
1831,35,Virtual,Bachillerato,0,60,43.0,286,11,6,3,85.04232545698831,0,0,26.0,0.5,0.36666666666666664,5.659482215759621,0
1832,29,Virtual,Técnico,1,60,38.0,83,1,8,2,72.05560397907321,0,1,83.0,0.25,0.03333333333333333,4.430816798843313,0
1833,20,Semipresencial,Bachillerato,0,60,83.0,251,13,5,2,58.448030846718865,0,0,19.307692307692307,0.4,0.43333333333333335,5.529429087511423,0
1834,32,Virtual,Técnico,0,90,26.0,986,20,6,6,99.1963834535634,0,0,49.3,1.0,0.6666666666666666,6.894670039433482,0
1835,34,Virtual,Bachillerato,0,30,70.0,108,3,8,0,,0,1,36.0,0.0,0.1,4.6913478822291435,1
1836,30,Virtual,Bachillerato,0,90,38.0,298,9,4,4,95.464296837695,0,0,33.111111111111114,1.0,0.3,5.700443573390686,0
1837,31,Semipresencial,Bachillerato,0,30,72.0,291,28,6,6,100.0,0,0,10.392857142857142,1.0,0.9333333333333333,5.676753802268282,0
1838,27,Virtual,Técnico,2,60,8.0,151,10,6,0,,0,0,15.1,0.0,0.3333333333333333,5.0238805208462765,1
1839,41,Virtual,Universitario,0,90,39.0,206,19,7,7,100.0,0,0,10.842105263157896,1.0,0.6333333333333333,5.332718793265369,0
1840,22,Semipresencial,Bachillerato,0,60,26.0,269,5,8,4,68.95008785968213,0,1,53.8,0.5,0.16666666666666666,5.598421958998375,0
1841,24,Virtual,Bachillerato,1,30,38.0,496,18,5,1,57.57023919590413,0,1,27.555555555555557,0.2,0.6,6.208590026096629,0
1842,29,Semipresencial,Bachillerato,0,90,62.0,367,7,4,2,77.53048829863351,0,1,52.42857142857143,0.5,0.23333333333333334,5.908082938168931,0
1843,36,Semipresencial,Bachillerato,1,90,43.0,170,23,5,4,85.71249844694292,0,0,7.391304347826087,0.8,0.7666666666666667,5.14166355650266,0
1844,18,Semipresencial,Universitario,0,60,62.0,566,14,4,2,72.68517477956522,1,0,40.42857142857143,0.5,0.4666666666666667,6.340359303727752,0
1845,19,Virtual,Bachillerato,0,60,20.0,208,21,7,7,100.0,0,0,9.904761904761905,1.0,0.7,5.342334251964811,0
1846,18,Virtual,Universitario,0,90,17.0,140,6,6,3,47.6071914803225,0,0,23.333333333333332,0.5,0.2,4.948759890378168,0
1847,29,Virtual,Técnico,0,30,35.0,438,15,7,5,72.80898291778749,0,0,29.2,0.7142857142857143,0.5,6.0844994130751715,0
1848,20,Virtual,Bachillerato,1,60,34.0,416,17,5,4,92.42171672591981,1,0,24.470588235294116,0.8,0.5666666666666667,6.0330862217988015,0
1849,26,Virtual,Universitario,0,60,31.0,478,11,8,3,79.19836505891062,0,0,43.45454545454545,0.375,0.36666666666666664,6.171700597410915,0
1850,34,Semipresencial,Bachillerato,1,30,14.0,419,21,8,7,93.0867325007999,0,0,19.952380952380953,0.875,0.7,6.040254711277414,0
1851,24,Virtual,Técnico,0,90,61.0,210,6,8,2,63.110446602228166,0,0,35.0,0.25,0.2,5.351858133476067,0
1852,31,Virtual,Bachillerato,1,60,27.0,245,11,7,3,71.16381975933429,0,1,22.272727272727273,0.42857142857142855,0.36666666666666664,5.5053315359323625,0
1853,27,Virtual,Universitario,0,90,66.0,386,8,4,1,72.39358103021755,0,0,48.25,0.25,0.26666666666666666,5.958424693029782,0
1854,34,Virtual,Bachillerato,0,60,35.0,421,10,4,2,54.385263953685886,0,0,42.1,0.5,0.3333333333333333,6.045005314036012,0
1855,33,Virtual,Bachillerato,0,60,49.0,444,10,8,2,55.88631211943802,0,1,44.4,0.25,0.3333333333333333,6.09807428216624,0
1856,23,Virtual,Universitario,1,60,47.0,554,17,8,5,76.20685100965503,0,0,32.588235294117645,0.625,0.5666666666666667,6.318968113746434,0
1857,28,Semipresencial,Bachillerato,0,60,17.0,810,17,8,5,82.44947634841945,0,0,47.64705882352941,0.625,0.5666666666666667,6.698268054115413,0
1858,37,Virtual,Bachillerato,0,90,43.0,255,10,7,3,43.470049269526086,0,1,25.5,0.42857142857142855,0.3333333333333333,5.545177444479562,0
1859,32,Virtual,Técnico,1,60,77.0,592,17,8,5,62.011277168344826,0,0,34.8235294117647,0.625,0.5666666666666667,6.385194398997726,0
1860,18,Virtual,Bachillerato,0,60,41.0,2901,24,6,4,85.33340762024609,0,0,120.875,0.6666666666666666,0.8,7.973155433444133,0
1861,34,Virtual,Universitario,0,60,55.0,171,12,4,1,75.25768862080207,0,0,14.25,0.25,0.4,5.147494476813453,0
1862,20,Semipresencial,Técnico,0,30,50.0,367,7,5,1,53.42152064524383,0,0,52.42857142857143,0.2,0.23333333333333334,5.908082938168931,0
1863,40,Semipresencial,Técnico,0,30,42.0,1036,11,8,3,59.297318871297755,1,0,94.18181818181819,0.375,0.36666666666666664,6.9440872082295275,0
1864,37,Virtual,Bachillerato,1,60,39.0,750,19,7,3,77.0797356481475,0,1,39.473684210526315,0.42857142857142855,0.6333333333333333,6.621405651764134,0
1865,31,Semipresencial,Bachillerato,0,60,47.0,22,4,8,1,50.01314833680156,0,1,5.5,0.125,0.13333333333333333,3.1354942159291497,0
1866,30,Virtual,Universitario,1,60,52.0,11,5,8,0,,0,1,2.2,0.0,0.16666666666666666,2.4849066497880004,1
1867,27,Virtual,Bachillerato,1,60,5.0,195,17,7,4,72.4083766707874,0,0,11.470588235294118,0.5714285714285714,0.5666666666666667,5.278114659230518,0
1868,34,Semipresencial,Bachillerato,0,60,40.0,977,25,4,4,85.36740968733659,0,0,39.08,1.0,0.8333333333333334,6.885509670034818,0
1869,26,Virtual,Bachillerato,0,60,31.0,362,11,4,1,79.59715529667538,0,0,32.90909090909091,0.25,0.36666666666666664,5.8944028342648505,0
1870,31,Virtual,Bachillerato,1,60,26.0,1250,17,5,2,83.39713119344324,0,0,73.52941176470588,0.4,0.5666666666666667,7.1316985104669115,0
1871,36,Virtual,Técnico,1,120,64.0,975,13,4,2,,0,0,75.0,0.5,0.43333333333333335,6.883462586413092,1
1872,25,Virtual,Técnico,0,30,19.0,361,11,8,2,67.29844318369993,0,0,32.81818181818182,0.25,0.36666666666666664,5.891644211825771,0
1873,24,Virtual,Técnico,1,60,4.0,631,20,5,4,81.4799674693221,0,0,31.55,0.8,0.6666666666666666,6.448889394146858,0
1874,19,Virtual,Universitario,1,30,53.0,122,5,5,1,61.77876952100559,0,1,24.4,0.2,0.16666666666666666,4.812184355372417,0
1875,20,Virtual,Bachillerato,0,90,4.0,601,14,7,1,49.62031000745571,1,1,42.92857142857143,0.14285714285714285,0.4666666666666667,6.400257445308821,0
1876,18,Virtual,Bachillerato,1,60,-7.0,391,21,4,2,85.01210642942188,0,0,18.61904761904762,0.5,0.7,5.971261839790462,0
1877,35,Semipresencial,Bachillerato,0,60,55.0,616,20,7,6,100.0,0,0,30.8,0.8571428571428571,0.6666666666666666,6.424869023905388,0
1878,43,Virtual,Técnico,0,90,38.0,434,21,4,1,56.68188713509169,0,0,20.666666666666668,0.25,0.7,6.075346031088684,0
1879,40,Semipresencial,Bachillerato,1,60,45.0,471,13,8,4,70.96240176061572,0,1,36.23076923076923,0.5,0.43333333333333335,6.156978985585555,0
1880,18,Virtual,Técnico,0,30,25.0,1346,24,7,6,100.0,0,0,56.083333333333336,0.8571428571428571,0.8,7.205635176410364,0
1881,35,Virtual,Bachillerato,1,60,5.0,278,21,5,1,51.133648822118914,0,1,13.238095238095237,0.2,0.7,5.631211781821365,0
1882,40,Virtual,Técnico,2,30,9.0,659,23,7,3,61.909794949897076,1,0,28.652173913043477,0.42857142857142855,0.7666666666666667,6.492239835020471,0
1883,25,Semipresencial,Técnico,1,90,29.0,1302,21,5,3,86.29085607635011,0,0,62.0,0.6,0.7,7.172424577124845,0
1884,30,Virtual,Universitario,0,60,7.0,519,7,4,2,67.92173043928702,0,0,74.14285714285714,0.5,0.23333333333333334,6.253828811575473,0
1885,18,Semipresencial,Bachillerato,0,60,42.0,579,21,4,1,49.14670275793715,0,1,27.571428571428573,0.25,0.7,6.363028103540465,0
1886,31,Virtual,Universitario,0,90,25.0,162,9,5,1,55.70736471089406,0,0,18.0,0.2,0.3,5.093750200806762,0
1887,20,Virtual,Bachillerato,0,90,39.0,64,8,7,2,83.21442848085732,0,0,8.0,0.2857142857142857,0.26666666666666666,4.174387269895637,0
1888,31,Virtual,Bachillerato,0,60,38.0,1140,20,6,4,100.0,0,0,57.0,0.6666666666666666,0.6666666666666666,7.039660349862076,0
1889,18,Virtual,Bachillerato,0,30,44.0,656,13,5,5,84.50496305906478,0,0,50.46153846153846,1.0,0.43333333333333335,6.487684018484611,0
1890,33,Virtual,Bachillerato,0,60,46.0,305,8,7,1,45.86895066157573,0,0,38.125,0.14285714285714285,0.26666666666666666,5.723585101952381,0
1891,37,Virtual,Técnico,0,90,27.0,389,4,5,0,,0,1,97.25,0.0,0.13333333333333333,5.966146739123692,1
1892,23,Virtual,Bachillerato,1,90,39.0,401,12,4,1,81.72280505480505,0,1,33.416666666666664,0.25,0.4,5.996452088619021,0
1893,20,Virtual,,0,60,40.0,1325,22,7,6,100.0,0,0,60.22727272727273,0.8571428571428571,0.7333333333333333,7.189922170745808,0
1894,18,Virtual,,0,30,-18.0,76,2,6,2,78.33568825776693,0,0,38.0,0.3333333333333333,0.06666666666666667,4.343805421853684,0
1895,27,Virtual,Universitario,0,30,49.0,167,5,7,2,,0,0,33.4,0.2857142857142857,0.16666666666666666,5.123963979403259,1
1896,24,Virtual,Técnico,0,90,38.0,392,11,6,4,62.55096312263278,0,0,35.63636363636363,0.6666666666666666,0.36666666666666664,5.973809611869261,0
1897,18,Virtual,Técnico,0,30,47.0,346,16,4,2,63.41382604453696,1,0,21.625,0.5,0.5333333333333333,5.849324779946859,0
1898,33,Virtual,Bachillerato,0,60,7.0,705,14,4,2,65.34592226616438,0,0,50.357142857142854,0.5,0.4666666666666667,6.559615237493242,0
1899,25,Virtual,Técnico,1,60,28.0,153,6,4,2,60.03630370877987,0,1,25.5,0.5,0.2,5.0369526024136295,0
1900,20,Virtual,Bachillerato,0,30,11.0,114,7,5,0,,0,0,16.285714285714285,0.0,0.23333333333333334,4.74493212836325,1
1901,25,Semipresencial,Bachillerato,1,60,51.0,820,13,5,3,67.20642156192716,0,1,63.07692307692308,0.6,0.43333333333333335,6.710523109452428,0
1902,38,Virtual,Bachillerato,0,120,4.0,393,18,8,5,88.33588396032373,0,0,21.833333333333332,0.625,0.6,5.976350909297934,0
1903,34,Virtual,Técnico,0,60,15.0,456,19,7,5,86.22241332590178,0,0,24.0,0.7142857142857143,0.6333333333333333,6.124683390894205,0
1904,28,Semipresencial,Bachillerato,0,60,47.0,695,24,8,8,100.0,0,0,28.958333333333332,1.0,0.8,6.54534966033442,0
1905,34,Virtual,Técnico,0,60,21.0,934,22,6,4,87.45539311521655,0,0,42.45454545454545,0.6666666666666666,0.7333333333333333,6.840546529288687,0
1906,20,Virtual,Bachillerato,0,90,15.0,967,24,5,4,82.48468252666989,0,1,40.291666666666664,0.8,0.8,6.875232087276577,0
1907,29,Semipresencial,Bachillerato,0,60,55.0,885,13,6,3,,0,0,68.07692307692308,0.5,0.43333333333333335,6.786716950605081,1
1908,30,Semipresencial,Bachillerato,1,60,56.0,440,13,8,3,47.264274442366045,0,0,33.84615384615385,0.375,0.43333333333333335,6.089044875446846,0
1909,25,Virtual,Bachillerato,0,60,51.0,206,17,5,4,59.00795351434173,1,0,12.117647058823529,0.8,0.5666666666666667,5.332718793265369,0
1910,32,Virtual,Bachillerato,0,30,54.0,261,12,7,6,93.88997453106224,0,0,21.75,0.8571428571428571,0.4,5.568344503761097,0
1911,23,Virtual,Técnico,1,30,30.0,211,19,4,3,95.16972070553007,0,0,11.105263157894736,0.75,0.6333333333333333,5.356586274672012,0
1912,33,Semipresencial,Bachillerato,0,90,30.0,303,24,8,2,70.56555305271809,0,0,12.625,0.25,0.8,5.717027701406222,0
1913,33,Semipresencial,Bachillerato,0,60,21.0,644,24,7,5,82.64718982433897,0,0,26.833333333333332,0.7142857142857143,0.8,6.4692503167957724,0
1914,18,Virtual,Técnico,1,30,39.0,760,13,8,4,54.04755752758269,0,0,58.46153846153846,0.5,0.43333333333333335,6.634633357861686,0
1915,39,Virtual,Bachillerato,0,30,23.0,784,24,5,4,100.0,0,0,32.666666666666664,0.8,0.8,6.665683717782408,0
1916,18,Virtual,Bachillerato,0,120,25.0,614,14,7,2,71.46750443304248,0,1,43.857142857142854,0.2857142857142857,0.4666666666666667,6.421622267806518,0
1917,24,Virtual,Bachillerato,0,60,,152,3,5,3,74.94408258376356,0,1,50.666666666666664,0.6,0.1,5.030437921392435,0
1918,37,Virtual,Bachillerato,0,60,61.0,1190,19,6,3,76.39211459325692,0,0,62.63157894736842,0.5,0.6333333333333333,7.0825485693553,0
1919,26,Virtual,Bachillerato,0,30,44.0,525,23,5,3,76.81515137462131,0,0,22.82608695652174,0.6,0.7666666666666667,6.26530121273771,0
1920,18,Virtual,Técnico,0,120,74.0,332,6,4,1,46.44060530426289,0,0,55.333333333333336,0.25,0.2,5.808142489980444,0
1921,20,Virtual,Bachillerato,1,90,19.0,283,4,6,0,,1,1,70.75,0.0,0.13333333333333333,5.648974238161206,1
1922,37,Virtual,Técnico,0,60,-5.0,327,12,6,6,85.13770105127959,0,0,27.25,1.0,0.4,5.793013608384144,0
1923,18,Virtual,Bachillerato,0,30,51.0,233,14,4,4,87.61246749244822,0,0,16.642857142857142,1.0,0.4666666666666667,5.455321115357702,0
1924,38,Virtual,Técnico,0,60,18.0,332,11,5,2,88.86414918164147,0,0,30.181818181818183,0.4,0.36666666666666664,5.808142489980444,0
1925,29,Virtual,Técnico,0,90,29.0,823,11,4,1,61.973071279021056,0,0,74.81818181818181,0.25,0.36666666666666664,6.714170529909472,0
1926,19,Semipresencial,Bachillerato,0,90,-4.0,917,16,7,3,42.650248468606975,0,0,57.3125,0.42857142857142855,0.5333333333333333,6.822197390620491,0
1927,24,Virtual,Bachillerato,0,120,15.0,140,5,5,2,58.52449867905596,0,0,28.0,0.4,0.16666666666666666,4.948759890378168,0
1928,21,Virtual,Bachillerato,1,60,2.0,303,6,4,1,44.782579023033826,1,0,50.5,0.25,0.2,5.717027701406222,0
1929,36,Virtual,Universitario,1,60,25.0,23,1,6,0,,0,0,23.0,0.0,0.03333333333333333,3.1780538303479458,1
1930,35,Virtual,Universitario,0,60,26.0,768,19,8,6,68.85681122473243,0,0,40.421052631578945,0.75,0.6333333333333333,6.645090969505644,0
1931,18,Virtual,Bachillerato,0,90,37.0,561,9,8,1,61.903579527514914,0,0,62.333333333333336,0.125,0.3,6.331501849893691,0
1932,26,Virtual,Técnico,0,30,62.0,825,22,8,3,69.79720167440598,0,0,37.5,0.375,0.7333333333333333,6.716594773520978,0
1933,22,Virtual,Bachillerato,0,30,50.0,731,20,4,4,90.29144927537422,0,0,36.55,1.0,0.6666666666666666,6.595780513961311,0
1934,39,Virtual,Bachillerato,0,60,-1.0,174,19,5,1,66.84542369648719,0,1,9.157894736842104,0.2,0.6333333333333333,5.1647859739235145,0
1935,18,Virtual,Técnico,0,60,48.0,925,18,8,7,89.23011782656035,0,0,51.388888888888886,0.875,0.6,6.8308742346461795,0
1936,42,Virtual,Bachillerato,0,90,37.0,187,7,7,4,70.94776529431567,0,0,26.714285714285715,0.5714285714285714,0.23333333333333334,5.236441962829949,0
1937,29,Virtual,Bachillerato,0,30,33.0,265,17,6,3,72.65975970860329,0,1,15.588235294117647,0.5,0.5666666666666667,5.583496308781699,0
1938,20,Virtual,Técnico,0,60,35.0,521,16,8,3,69.80622940075709,0,1,32.5625,0.375,0.5333333333333333,6.257667587882639,0
1939,24,Virtual,Bachillerato,0,30,40.0,96,3,4,1,,0,0,32.0,0.25,0.1,4.574710978503383,1
1940,23,Virtual,Técnico,1,60,20.0,352,9,6,3,70.56564356386436,0,0,39.111111111111114,0.5,0.3,5.8664680569332965,0
1941,19,Virtual,Bachillerato,0,60,31.0,223,5,6,2,75.93922160922936,0,1,44.6,0.3333333333333333,0.16666666666666666,5.4116460518550396,0
1942,30,Virtual,Bachillerato,0,60,61.0,757,20,8,6,79.93972511771514,0,0,37.85,0.75,0.6666666666666666,6.630683385642372,0
1943,19,Virtual,Bachillerato,0,60,20.0,284,11,6,5,87.57417739546311,0,0,25.818181818181817,0.8333333333333334,0.36666666666666664,5.652489180268651,0
1944,18,Semipresencial,Universitario,0,30,12.0,631,13,6,3,,1,0,48.53846153846154,0.5,0.43333333333333335,6.448889394146858,1
1945,26,Semipresencial,Bachillerato,0,60,34.0,1077,27,8,8,99.35855647591117,0,0,39.888888888888886,1.0,0.9,6.982862751468942,0
1946,18,Semipresencial,Bachillerato,0,120,10.0,470,12,5,3,76.3738436873436,0,0,39.166666666666664,0.6,0.4,6.154858094016418,0
1947,23,Virtual,Técnico,0,60,-3.0,312,16,4,2,59.63936581946288,0,0,19.5,0.5,0.5333333333333333,5.746203190540153,0
1948,22,Virtual,Universitario,0,30,27.0,545,18,6,2,61.00814086898544,0,1,30.27777777777778,0.3333333333333333,0.6,6.302618975744905,0
1949,22,Virtual,Universitario,2,60,67.0,136,6,7,2,53.880749517115575,0,0,22.666666666666668,0.2857142857142857,0.2,4.919980925828125,0
1950,45,Virtual,Técnico,0,30,34.0,623,20,6,5,96.0681102884117,0,0,31.15,0.8333333333333334,0.6666666666666666,6.436150368369428,0
1951,29,Virtual,Bachillerato,0,30,39.0,413,17,7,3,80.4256727177148,0,0,24.294117647058822,0.42857142857142855,0.5666666666666667,6.025865973825314,0
1952,31,Virtual,Técnico,0,30,-12.0,550,18,5,5,98.81528768510887,0,0,30.555555555555557,1.0,0.6,6.311734809152915,0
1953,18,Virtual,Técnico,0,30,45.0,451,13,4,2,82.79917616661416,0,0,34.69230769230769,0.5,0.43333333333333335,6.113682179832232,0
1954,24,Virtual,Universitario,0,30,37.0,117,4,7,3,53.49359880788749,0,1,29.25,0.42857142857142855,0.13333333333333333,4.770684624465665,0
1955,31,Virtual,Técnico,0,90,20.0,754,16,8,6,90.16699962501251,0,0,47.125,0.75,0.5333333333333333,6.626717749249025,0
1956,21,Virtual,Bachillerato,0,30,39.0,601,14,7,4,76.57452210673475,0,0,42.92857142857143,0.5714285714285714,0.4666666666666667,6.400257445308821,0
1957,36,Virtual,Bachillerato,0,60,39.0,204,12,5,0,,0,0,17.0,0.0,0.4,5.3230099791384085,1
1958,19,Semipresencial,Técnico,2,90,12.0,106,2,5,0,,1,1,53.0,0.0,0.06666666666666667,4.672828834461906,1
1959,27,Virtual,Bachillerato,0,60,42.0,478,12,6,2,54.83030259195125,0,1,39.833333333333336,0.3333333333333333,0.4,6.171700597410915,0
1960,24,Virtual,Bachillerato,0,60,61.0,237,10,6,1,44.25149771574192,0,1,23.7,0.16666666666666666,0.3333333333333333,5.472270673671475,0
1961,30,Virtual,Bachillerato,0,60,30.0,332,8,5,2,,0,0,41.5,0.4,0.26666666666666666,5.808142489980444,1
1962,24,Virtual,Técnico,0,30,16.0,289,10,5,4,88.87422008162905,0,0,28.9,0.8,0.3333333333333333,5.66988092298052,0
1963,27,Virtual,Universitario,1,60,31.0,430,14,5,1,57.74515668675599,0,0,30.714285714285715,0.2,0.4666666666666667,6.066108090103747,0
1964,27,Virtual,Técnico,0,60,54.0,340,18,6,2,69.38890437439554,0,0,18.88888888888889,0.3333333333333333,0.6,5.831882477283517,0
1965,23,Virtual,Universitario,1,90,8.0,205,3,5,1,44.607471263260145,0,1,68.33333333333333,0.2,0.1,5.327876168789581,0
1966,33,Virtual,Técnico,0,90,48.0,564,12,6,2,72.3034076875258,0,1,47.0,0.3333333333333333,0.4,6.336825731146441,0
1967,31,Virtual,Técnico,1,90,20.0,774,16,8,3,67.77750704797737,0,0,48.375,0.375,0.5333333333333333,6.652863029353347,0
1968,28,Semipresencial,Bachillerato,0,60,40.0,904,27,5,5,95.46263400948858,0,0,33.48148148148148,1.0,0.9,6.807934943699926,0
1969,26,Virtual,Técnico,1,60,23.0,554,7,4,2,77.24300076537253,0,0,79.14285714285714,0.5,0.23333333333333334,6.318968113746434,0
1970,35,Virtual,Bachillerato,0,90,23.0,524,14,8,3,76.690233329609,0,0,37.42857142857143,0.375,0.4666666666666667,6.263398262591624,0
1971,27,Virtual,Bachillerato,0,90,69.0,218,5,4,1,40.8195726323718,0,1,43.6,0.25,0.16666666666666666,5.389071729816501,0
1972,27,Virtual,Bachillerato,1,60,4.0,989,16,8,2,62.88980573374441,0,1,61.8125,0.25,0.5333333333333333,6.897704943128636,0
1973,30,Virtual,Técnico,0,120,46.0,445,21,6,5,78.71783050408186,0,0,21.19047619047619,0.8333333333333334,0.7,6.100318952020064,0
1974,43,Virtual,Técnico,0,90,73.0,876,20,6,4,85.00759259371989,0,0,43.8,0.6666666666666666,0.6666666666666666,6.776506992372183,0
1975,18,Semipresencial,Universitario,1,60,50.0,718,20,6,5,48.84451297971759,0,0,35.9,0.8333333333333334,0.6666666666666666,6.577861357721047,0
1976,35,Virtual,Universitario,0,30,6.0,528,13,7,4,78.2300146097455,0,0,40.61538461538461,0.5714285714285714,0.43333333333333335,6.270988431858299,0
1977,18,Virtual,Universitario,1,30,7.0,625,11,7,3,74.879520135808,0,1,56.81818181818182,0.42857142857142855,0.36666666666666664,6.439350371100098,0
1978,31,Virtual,Bachillerato,0,60,18.0,260,16,8,4,73.4705028839649,0,0,16.25,0.5,0.5333333333333333,5.564520407322694,0
1979,42,Semipresencial,Universitario,0,30,38.0,1700,21,4,4,82.5733779337821,0,0,80.95238095238095,1.0,0.7,7.438971592395862,0
1980,33,Semipresencial,Universitario,0,60,40.0,589,19,4,3,100.0,0,0,31.0,0.75,0.6333333333333333,6.380122536899765,0
1981,30,Semipresencial,Universitario,1,60,7.0,619,24,5,4,100.0,0,0,25.791666666666668,0.8,0.8,6.429719478039138,0
1982,25,Virtual,Bachillerato,0,90,16.0,157,20,4,2,70.62726337275402,0,0,7.85,0.5,0.6666666666666666,5.062595033026967,0
1983,29,Virtual,Bachillerato,0,90,17.0,1042,17,8,5,76.96771421436755,0,0,61.294117647058826,0.625,0.5666666666666667,6.949856455000773,0
1984,27,Virtual,Universitario,0,60,31.0,971,20,4,3,62.72763001184122,0,0,48.55,0.75,0.6666666666666666,6.879355804460439,0
1985,23,Semipresencial,Bachillerato,0,60,79.0,227,8,4,1,66.58080796427214,0,1,28.375,0.25,0.26666666666666666,5.429345628954441,0
1986,27,Virtual,Bachillerato,0,30,14.0,143,19,6,3,60.019135656246505,0,0,7.526315789473684,0.5,0.6333333333333333,4.969813299576001,0
1987,31,Virtual,Bachillerato,0,60,14.0,562,17,5,3,87.14638523214437,0,0,33.05882352941177,0.6,0.5666666666666667,6.333279628139691,0
1988,23,Virtual,Bachillerato,0,30,10.0,322,23,5,3,94.7613030841084,0,0,14.0,0.6,0.7666666666666667,5.777652323222656,0
1989,23,Virtual,Bachillerato,0,60,49.0,756,13,7,4,,0,0,58.15384615384615,0.5714285714285714,0.43333333333333335,6.6293632534374485,1
1990,18,Virtual,Universitario,0,120,34.0,223,10,6,4,65.05988813096744,0,1,22.3,0.6666666666666666,0.3333333333333333,5.4116460518550396,0
1991,32,Virtual,Universitario,0,60,15.0,415,21,8,4,92.5382008127013,0,0,19.761904761904763,0.5,0.7,6.030685260261263,0
1992,33,Virtual,Universitario,0,60,27.0,203,6,6,1,56.65936681413605,0,1,33.833333333333336,0.16666666666666666,0.2,5.318119993844216,0
1993,31,Semipresencial,Bachillerato,0,60,18.0,446,12,8,5,78.46870455909337,0,1,37.166666666666664,0.625,0.4,6.102558594613569,0
1994,37,Virtual,Bachillerato,0,90,42.0,812,19,4,1,55.77159435736536,0,0,42.73684210526316,0.25,0.6333333333333333,6.70073110954781,0
1995,30,Semipresencial,Bachillerato,0,60,,321,15,4,2,76.56664726022217,0,0,21.4,0.5,0.5,5.7745515455444085,0
1996,32,Virtual,Bachillerato,1,60,47.0,692,13,5,4,79.11504912975516,0,0,53.23076923076923,0.8,0.43333333333333335,6.541029999189903,0
1997,31,Semipresencial,Bachillerato,1,30,33.0,657,24,4,3,69.75814634867422,0,0,27.375,0.75,0.8,6.489204931325317,0
1998,28,Virtual,Técnico,0,60,20.0,127,14,4,0,,0,0,9.071428571428571,0.0,0.4666666666666667,4.852030263919617,1
1999,25,Semipresencial,Universitario,0,30,5.0,564,19,5,5,100.0,1,0,29.68421052631579,1.0,0.6333333333333333,6.336825731146441,0
2000,47,Virtual,Bachillerato,0,60,51.0,369,11,6,3,84.26842793444159,0,0,33.54545454545455,0.5,0.36666666666666664,5.91350300563827,0
